spoofed,sv_elev_1,sv_azimuth_1,sv_snr_1,sv_elev_2,sv_azimuth_2,sv_snr_2,sv_elev_3,sv_azimuth_3,sv_snr_3,sv_elev_4,sv_azimuth_4,sv_snr_4,sv_elev_5,sv_azimuth_5,sv_snr_5,sv_elev_6,sv_azimuth_6,sv_snr_6,sv_elev_7,sv_azimuth_7,sv_snr_7,sv_elev_8,sv_azimuth_8,sv_snr_8,sv_elev_9,sv_azimuth_9,sv_snr_9,sv_elev_10,sv_azimuth_10,sv_snr_10,sv_elev_11,sv_azimuth_11,sv_snr_11,sv_elev_12,sv_azimuth_12,sv_snr_12,sv_elev_13,sv_azimuth_13,sv_snr_13,sv_elev_14,sv_azimuth_14,sv_snr_14,sv_elev_15,sv_azimuth_15,sv_snr_15,sv_elev_16,sv_azimuth_16,sv_snr_16,sv_elev_17,sv_azimuth_17,sv_snr_17,sv_elev_18,sv_azimuth_18,sv_snr_18,sv_elev_19,sv_azimuth_19,sv_snr_19,sv_elev_20,sv_azimuth_20,sv_snr_20,sv_elev_21,sv_azimuth_21,sv_snr_21,sv_elev_22,sv_azimuth_22,sv_snr_22,sv_elev_23,sv_azimuth_23,sv_snr_23,sv_elev_24,sv_azimuth_24,sv_snr_24,sv_elev_25,sv_azimuth_25,sv_snr_25,sv_elev_26,sv_azimuth_26,sv_snr_26,sv_elev_27,sv_azimuth_27,sv_snr_27,sv_elev_28,sv_azimuth_28,sv_snr_28,sv_elev_29,sv_azimuth_29,sv_snr_29,sv_elev_30,sv_azimuth_30,sv_snr_30,sv_elev_31,sv_azimuth_31,sv_snr_31,sv_elev_32,sv_azimuth_32,sv_snr_32
4,0,0,0,0,0,0,0,0,0,-1,-1,51,59,236,50,0,0,0,26,058,51,06,045,49,07,111,49,0,0,0,0,0,0,0,0,0,49,307,51,0,0,0,16,300,50,0,0,0,0,0,0,0,0,0,0,0,0,0,0,0,02,323,49,0,0,0,0,0,0,0,0,0,0,0,0,0,0,0,0,0,0,56,130,51,0,0,0,59,049,52,0,0,0,0,0,0
4,0,0,0,0,0,0,0,0,0,-1,-1,51,59,236,51,0,0,0,26,058,51,06,045,49,07,111,49,0,0,0,0,0,0,0,0,0,49,307,51,0,0,0,16,300,50,0,0,0,0,0,0,0,0,0,0,0,0,0,0,0,02,323,-1,0,0,0,0,0,0,0,0,0,0,0,0,0,0,0,0,0,0,56,130,52,0,0,0,59,049,52,0,0,0,0,0,0
4,0,0,0,0,0,0,0,0,0,-1,-1,51,59,236,51,0,0,0,26,058,51,06,045,49,07,111,49,0,0,0,0,0,0,0,0,0,50,307,51,0,0,0,16,300,50,0,0,0,0,0,0,0,0,0,0,0,0,0,0,0,02,323,-1,0,0,0,0,0,0,0,0,0,0,0,0,0,0,0,0,0,0,56,130,51,0,0,0,59,049,52,0,0,0,0,0,0
4,0,0,0,0,0,0,0,0,0,-1,-1,51,59,235,51,0,0,0,26,058,51,06,045,49,07,111,49,0,0,0,0,0,0,0,0,0,50,307,51,0,0,0,16,300,50,0,0,0,0,0,0,0,0,0,0,0,0,0,0,0,02,323,-1,0,0,0,0,0,0,0,0,0,0,0,0,0,0,0,0,0,0,56,130,51,0,0,0,59,049,51,0,0,0,0,0,0
4,0,0,0,0,0,0,0,0,0,-1,-1,51,59,235,51,0,0,0,26,058,51,06,045,49,07,111,49,0,0,0,0,0,0,0,0,0,50,307,51,0,0,0,16,300,50,0,0,0,0,0,0,0,0,0,0,0,0,0,0,0,02,323,-1,0,0,0,0,0,0,0,0,0,0,0,0,0,0,0,0,0,0,56,130,51,0,0,0,59,049,51,0,0,0,0,0,0
4,0,0,0,0,0,0,0,0,0,-1,-1,51,59,235,51,0,0,0,26,058,51,06,045,49,07,111,49,0,0,0,0,0,0,0,0,0,50,307,51,0,0,0,16,300,50,0,0,0,0,0,0,0,0,0,0,0,0,0,0,0,02,323,-1,0,0,0,0,0,0,0,0,0,0,0,0,0,0,0,0,0,0,56,130,51,0,0,0,59,049,51,0,0,0,0,0,0
4,0,0,0,0,0,0,0,0,0,-1,-1,51,59,235,51,0,0,0,26,058,51,06,045,49,07,111,49,0,0,0,0,0,0,0,0,0,50,307,51,0,0,0,16,300,50,0,0,0,0,0,0,0,0,0,0,0,0,0,0,0,02,323,-1,0,0,0,0,0,0,0,0,0,0,0,0,0,0,0,0,0,0,56,130,51,0,0,0,59,049,51,0,0,0,0,0,0
4,0,0,0,0,0,0,0,0,0,-1,-1,51,59,235,51,0,0,0,26,058,51,06,045,49,07,111,49,0,0,0,0,0,0,0,0,0,50,307,51,0,0,0,16,300,50,0,0,0,0,0,0,0,0,0,0,0,0,0,0,0,02,323,-1,0,0,0,0,0,0,0,0,0,0,0,0,0,0,0,0,0,0,56,130,51,0,0,0,59,049,51,0,0,0,0,0,0
4,0,0,0,0,0,0,0,0,0,-1,-1,50,59,235,51,0,0,0,26,058,51,06,045,49,07,111,49,0,0,0,0,0,0,0,0,0,50,307,51,0,0,0,16,300,50,0,0,0,0,0,0,0,0,0,0,0,0,0,0,0,02,323,-1,0,0,0,0,0,0,0,0,0,0,0,0,0,0,0,0,0,0,56,130,51,0,0,0,59,049,51,0,0,0,0,0,0
4,0,0,0,0,0,0,0,0,0,-1,-1,50,59,235,51,0,0,0,26,058,51,06,045,49,07,111,49,0,0,0,0,0,0,0,0,0,50,307,51,0,0,0,16,300,50,0,0,0,0,0,0,0,0,0,0,0,0,0,0,0,02,323,-1,0,0,0,0,0,0,0,0,0,0,0,0,0,0,0,0,0,0,56,130,52,0,0,0,59,049,51,0,0,0,0,0,0
4,0,0,0,0,0,0,0,0,0,-1,-1,50,59,235,51,0,0,0,26,058,51,06,045,49,07,111,49,0,0,0,0,0,0,0,0,0,50,307,51,0,0,0,16,300,50,0,0,0,0,0,0,0,0,0,0,0,0,0,0,0,02,323,-1,0,0,0,0,0,0,0,0,0,0,0,0,0,0,0,0,0,0,56,130,52,0,0,0,59,049,51,0,0,0,0,0,0
4,0,0,0,0,0,0,0,0,0,-1,-1,51,59,235,51,0,0,0,26,058,51,06,045,49,07,111,49,0,0,0,0,0,0,0,0,0,50,307,51,0,0,0,16,300,51,0,0,0,0,0,0,0,0,0,0,0,0,0,0,0,02,323,-1,0,0,0,0,0,0,0,0,0,0,0,0,0,0,0,0,0,0,56,130,52,0,0,0,59,049,51,0,0,0,0,0,0
4,0,0,0,0,0,0,0,0,0,-1,-1,51,59,235,51,0,0,0,26,058,51,06,045,49,07,111,49,0,0,0,0,0,0,0,0,0,50,307,51,0,0,0,16,300,50,0,0,0,0,0,0,0,0,0,0,0,0,0,0,0,02,323,-1,0,0,0,0,0,0,0,0,0,0,0,0,0,0,0,0,0,0,56,130,52,0,0,0,59,049,51,0,0,0,0,0,0
4,0,0,0,0,0,0,0,0,0,-1,-1,51,59,235,51,0,0,0,26,058,51,06,045,49,07,111,49,0,0,0,0,0,0,0,0,0,50,307,51,0,0,0,16,300,50,0,0,0,0,0,0,0,0,0,0,0,0,0,0,0,02,323,-1,0,0,0,0,0,0,0,0,0,0,0,0,0,0,0,0,0,0,56,130,52,0,0,0,59,049,51,0,0,0,0,0,0
4,0,0,0,0,0,0,0,0,0,-1,-1,51,59,235,51,0,0,0,26,058,51,06,045,49,07,111,49,0,0,0,0,0,0,0,0,0,50,307,51,0,0,0,16,300,50,0,0,0,0,0,0,0,0,0,0,0,0,0,0,0,02,323,-1,0,0,0,0,0,0,0,0,0,0,0,0,0,0,0,0,0,0,56,130,52,0,0,0,59,049,51,0,0,0,0,0,0
4,0,0,0,0,0,0,0,0,0,-1,-1,51,59,235,51,0,0,0,26,058,51,06,045,49,07,112,49,0,0,0,0,0,0,0,0,0,50,307,51,0,0,0,16,300,50,0,0,0,0,0,0,0,0,0,0,0,0,0,0,0,02,323,-1,0,0,0,0,0,0,0,0,0,0,0,0,0,0,0,0,0,0,56,130,52,0,0,0,59,049,52,0,0,0,0,0,0
4,0,0,0,0,0,0,0,0,0,-1,-1,51,59,235,51,0,0,0,26,058,51,06,045,49,07,112,49,0,0,0,0,0,0,0,0,0,50,307,51,0,0,0,16,300,50,0,0,0,0,0,0,0,0,0,0,0,0,0,0,0,02,323,-1,0,0,0,0,0,0,0,0,0,0,0,0,0,0,0,0,0,0,56,130,52,0,0,0,59,049,52,0,0,0,0,0,0
4,0,0,0,0,0,0,0,0,0,-1,-1,51,59,235,51,0,0,0,26,058,51,06,045,49,07,112,49,0,0,0,0,0,0,0,0,0,50,307,51,0,0,0,16,300,50,0,0,0,0,0,0,0,0,0,0,0,0,0,0,0,02,323,-1,0,0,0,0,0,0,0,0,0,0,0,0,0,0,0,0,0,0,56,130,52,0,0,0,59,049,51,0,0,0,0,0,0
4,0,0,0,0,0,0,0,0,0,-1,-1,51,59,235,51,0,0,0,26,058,51,06,045,49,07,112,49,0,0,0,0,0,0,0,0,0,50,307,51,0,0,0,16,300,50,0,0,0,0,0,0,0,0,0,0,0,0,0,0,0,02,323,-1,0,0,0,0,0,0,0,0,0,0,0,0,0,0,0,0,0,0,56,130,52,0,0,0,59,049,51,0,0,0,0,0,0
4,0,0,0,0,0,0,0,0,0,-1,-1,51,59,235,51,0,0,0,26,058,51,06,045,49,07,112,49,0,0,0,0,0,0,0,0,0,50,307,51,0,0,0,16,300,50,0,0,0,0,0,0,0,0,0,0,0,0,0,0,0,02,323,-1,0,0,0,0,0,0,0,0,0,0,0,0,0,0,0,0,0,0,56,130,52,0,0,0,59,049,51,0,0,0,0,0,0
4,0,0,0,0,0,0,0,0,0,-1,-1,51,59,235,51,0,0,0,26,058,51,06,045,49,07,112,49,0,0,0,0,0,0,0,0,0,50,307,51,0,0,0,16,300,50,0,0,0,0,0,0,0,0,0,0,0,0,0,0,0,02,323,-1,0,0,0,0,0,0,0,0,0,0,0,0,0,0,0,0,0,0,56,129,51,0,0,0,59,049,51,0,0,0,0,0,0
4,0,0,0,0,0,0,0,0,0,-1,-1,50,59,235,51,0,0,0,26,058,51,06,045,49,07,112,49,0,0,0,0,0,0,0,0,0,50,307,51,0,0,0,16,300,50,0,0,0,0,0,0,0,0,0,0,0,0,0,0,0,02,323,-1,0,0,0,0,0,0,0,0,0,0,0,0,0,0,0,0,0,0,56,129,51,0,0,0,59,049,51,0,0,0,0,0,0
4,0,0,0,0,0,0,0,0,0,-1,-1,50,59,235,51,0,0,0,26,058,51,06,045,49,07,112,49,0,0,0,0,0,0,0,0,0,50,307,51,0,0,0,16,300,50,0,0,0,0,0,0,0,0,0,0,0,0,0,0,0,02,323,-1,0,0,0,0,0,0,0,0,0,0,0,0,0,0,0,0,0,0,56,129,51,0,0,0,59,049,51,0,0,0,0,0,0
4,0,0,0,0,0,0,0,0,0,-1,-1,50,59,235,51,0,0,0,26,058,51,06,045,49,07,112,49,0,0,0,0,0,0,0,0,0,50,307,51,0,0,0,16,300,50,0,0,0,0,0,0,0,0,0,0,0,0,0,0,0,02,323,-1,0,0,0,0,0,0,0,0,0,0,0,0,0,0,0,0,0,0,56,129,51,0,0,0,59,049,51,0,0,0,0,0,0
4,0,0,0,0,0,0,0,0,0,-1,-1,50,59,235,51,0,0,0,26,058,51,06,045,49,07,112,49,0,0,0,0,0,0,0,0,0,50,307,51,0,0,0,16,300,50,0,0,0,0,0,0,0,0,0,0,0,0,0,0,0,02,323,-1,0,0,0,0,0,0,0,0,0,0,0,0,0,0,0,0,0,0,56,129,51,0,0,0,59,049,51,0,0,0,0,0,0
4,0,0,0,0,0,0,0,0,0,-1,-1,50,59,235,51,0,0,0,26,058,51,06,045,49,07,112,49,0,0,0,0,0,0,0,0,0,50,307,51,0,0,0,16,300,50,0,0,0,0,0,0,0,0,0,0,0,0,0,0,0,02,323,-1,0,0,0,0,0,0,0,0,0,0,0,0,0,0,0,0,0,0,56,129,51,0,0,0,59,049,51,0,0,0,0,0,0
4,0,0,0,0,0,0,0,0,0,-1,-1,50,59,235,51,0,0,0,26,058,51,06,045,49,07,112,49,0,0,0,0,0,0,0,0,0,50,307,51,0,0,0,16,300,50,0,0,0,0,0,0,0,0,0,0,0,0,0,0,0,02,323,-1,0,0,0,0,0,0,0,0,0,0,0,0,0,0,0,0,0,0,56,129,51,0,0,0,59,049,51,0,0,0,0,0,0
4,0,0,0,0,0,0,0,0,0,-1,-1,50,59,235,51,0,0,0,26,058,51,06,045,49,07,112,49,0,0,0,0,0,0,0,0,0,50,307,51,0,0,0,16,300,50,0,0,0,0,0,0,0,0,0,0,0,0,0,0,0,02,323,-1,0,0,0,0,0,0,0,0,0,0,0,0,0,0,0,0,0,0,56,129,51,0,0,0,59,049,51,0,0,0,0,0,0
4,0,0,0,0,0,0,0,0,0,-1,-1,50,59,235,51,0,0,0,26,058,51,06,045,49,07,112,49,0,0,0,0,0,0,0,0,0,50,307,51,0,0,0,16,300,50,0,0,0,0,0,0,0,0,0,0,0,0,0,0,0,02,323,-1,0,0,0,0,0,0,0,0,0,0,0,0,0,0,0,0,0,0,56,129,51,0,0,0,59,049,51,0,0,0,0,0,0
4,0,0,0,0,0,0,0,0,0,-1,-1,50,59,235,51,0,0,0,26,058,51,06,045,49,07,112,49,0,0,0,0,0,0,0,0,0,50,307,51,0,0,0,16,300,50,0,0,0,0,0,0,0,0,0,0,0,0,0,0,0,02,323,-1,0,0,0,0,0,0,0,0,0,0,0,0,0,0,0,0,0,0,56,129,51,0,0,0,59,049,51,0,0,0,0,0,0
4,0,0,0,0,0,0,0,0,0,-1,-1,50,59,235,51,0,0,0,26,058,51,06,045,49,07,112,49,0,0,0,0,0,0,0,0,0,50,307,51,0,0,0,16,300,50,0,0,0,0,0,0,0,0,0,0,0,0,0,0,0,02,323,-1,0,0,0,0,0,0,0,0,0,0,0,0,0,0,0,0,0,0,56,129,51,0,0,0,59,049,51,0,0,0,0,0,0
4,0,0,0,0,0,0,0,0,0,-1,-1,50,59,235,51,0,0,0,26,058,51,06,045,49,07,112,49,0,0,0,0,0,0,0,0,0,50,307,51,0,0,0,16,300,50,0,0,0,0,0,0,0,0,0,0,0,0,0,0,0,02,323,-1,0,0,0,0,0,0,0,0,0,0,0,0,0,0,0,0,0,0,56,129,51,0,0,0,59,049,51,0,0,0,0,0,0
4,0,0,0,0,0,0,0,0,0,-1,-1,50,59,235,51,0,0,0,26,058,51,06,045,49,07,112,49,0,0,0,0,0,0,0,0,0,50,307,51,0,0,0,16,300,50,0,0,0,0,0,0,0,0,0,0,0,0,0,0,0,02,323,-1,0,0,0,0,0,0,0,0,0,0,0,0,0,0,0,0,0,0,56,129,51,0,0,0,59,049,51,0,0,0,0,0,0
4,0,0,0,0,0,0,0,0,0,-1,-1,50,59,235,51,0,0,0,26,058,51,06,045,49,07,112,49,0,0,0,0,0,0,0,0,0,50,307,51,0,0,0,16,300,50,0,0,0,0,0,0,0,0,0,0,0,0,0,0,0,02,323,-1,0,0,0,0,0,0,0,0,0,0,0,0,0,0,0,0,0,0,56,129,51,0,0,0,59,049,51,0,0,0,0,0,0
4,0,0,0,0,0,0,0,0,0,-1,-1,50,59,235,51,0,0,0,26,058,51,06,045,49,07,112,49,0,0,0,0,0,0,0,0,0,50,307,51,0,0,0,16,300,50,0,0,0,0,0,0,0,0,0,0,0,0,0,0,0,02,323,-1,0,0,0,0,0,0,0,0,0,0,0,0,0,0,0,0,0,0,56,129,51,0,0,0,59,049,51,0,0,0,0,0,0
4,0,0,0,0,0,0,0,0,0,-1,-1,50,59,235,51,0,0,0,26,058,51,06,045,49,07,112,49,0,0,0,0,0,0,0,0,0,50,307,51,0,0,0,16,300,50,0,0,0,0,0,0,0,0,0,0,0,0,0,0,0,02,323,-1,0,0,0,0,0,0,0,0,0,0,0,0,0,0,0,0,0,0,56,129,51,0,0,0,59,049,51,0,0,0,0,0,0
4,0,0,0,0,0,0,0,0,0,-1,-1,50,59,235,51,0,0,0,26,058,51,06,045,49,07,112,49,0,0,0,0,0,0,0,0,0,50,307,51,0,0,0,16,300,50,0,0,0,0,0,0,0,0,0,0,0,0,0,0,0,02,323,-1,0,0,0,0,0,0,0,0,0,0,0,0,0,0,0,0,0,0,56,129,51,0,0,0,59,049,51,0,0,0,0,0,0
4,0,0,0,0,0,0,0,0,0,-1,-1,50,59,235,51,0,0,0,26,059,51,06,045,49,07,112,49,0,0,0,0,0,0,0,0,0,50,307,51,0,0,0,16,300,50,0,0,0,0,0,0,0,0,0,0,0,0,0,0,0,02,323,-1,0,0,0,0,0,0,0,0,0,0,0,0,0,0,0,0,0,0,56,129,51,0,0,0,59,049,51,0,0,0,0,0,0
4,0,0,0,0,0,0,0,0,0,-1,-1,50,59,235,51,0,0,0,26,059,51,06,045,49,07,112,49,0,0,0,0,0,0,0,0,0,50,307,51,0,0,0,16,300,50,0,0,0,0,0,0,0,0,0,0,0,0,0,0,0,02,323,-1,0,0,0,0,0,0,0,0,0,0,0,0,0,0,0,0,0,0,56,129,51,0,0,0,59,049,51,0,0,0,0,0,0
4,0,0,0,0,0,0,0,0,0,-1,-1,50,59,235,51,0,0,0,26,059,51,06,045,49,07,112,49,0,0,0,0,0,0,0,0,0,50,307,51,0,0,0,16,300,50,0,0,0,0,0,0,0,0,0,0,0,0,0,0,0,02,323,-1,0,0,0,0,0,0,0,0,0,0,0,0,0,0,0,0,0,0,56,129,51,0,0,0,59,049,51,0,0,0,0,0,0
4,0,0,0,0,0,0,0,0,0,-1,-1,50,59,235,51,0,0,0,26,059,51,06,045,49,07,112,49,0,0,0,0,0,0,0,0,0,50,307,51,0,0,0,16,300,50,0,0,0,0,0,0,0,0,0,0,0,0,0,0,0,02,323,-1,0,0,0,0,0,0,0,0,0,0,0,0,0,0,0,0,0,0,56,129,51,0,0,0,59,049,51,0,0,0,0,0,0
4,0,0,0,0,0,0,0,0,0,-1,-1,50,59,235,51,0,0,0,26,059,51,06,045,49,07,112,49,0,0,0,0,0,0,0,0,0,50,307,51,0,0,0,16,300,50,0,0,0,0,0,0,0,0,0,0,0,0,0,0,0,02,323,-1,0,0,0,0,0,0,0,0,0,0,0,0,0,0,0,0,0,0,56,129,51,0,0,0,59,049,51,0,0,0,0,0,0
4,0,0,0,0,0,0,0,0,0,-1,-1,50,59,235,51,0,0,0,26,059,51,06,045,49,07,112,49,0,0,0,0,0,0,0,0,0,50,307,51,0,0,0,16,300,50,0,0,0,0,0,0,0,0,0,0,0,0,0,0,0,02,323,-1,0,0,0,0,0,0,0,0,0,0,0,0,0,0,0,0,0,0,56,129,51,0,0,0,59,049,52,0,0,0,0,0,0
4,0,0,0,0,0,0,0,0,0,-1,-1,50,59,235,51,0,0,0,26,059,51,06,045,49,07,112,49,0,0,0,0,0,0,0,0,0,50,307,51,0,0,0,16,300,50,0,0,0,0,0,0,0,0,0,0,0,0,0,0,0,02,323,-1,0,0,0,0,0,0,0,0,0,0,0,0,0,0,0,0,0,0,56,129,51,0,0,0,59,049,52,0,0,0,0,0,0
4,0,0,0,0,0,0,0,0,0,-1,-1,50,59,235,51,0,0,0,26,059,51,06,045,49,07,112,49,0,0,0,0,0,0,0,0,0,50,307,51,0,0,0,16,300,50,0,0,0,0,0,0,0,0,0,0,0,0,0,0,0,02,323,-1,0,0,0,0,0,0,0,0,0,0,0,0,0,0,0,0,0,0,56,129,51,0,0,0,59,049,52,0,0,0,0,0,0
4,0,0,0,0,0,0,0,0,0,-1,-1,50,59,235,51,0,0,0,26,059,51,06,045,49,07,112,49,0,0,0,0,0,0,0,0,0,50,307,51,0,0,0,16,300,50,0,0,0,0,0,0,0,0,0,0,0,0,0,0,0,02,323,-1,0,0,0,0,0,0,0,0,0,0,0,0,0,0,0,0,0,0,56,129,51,0,0,0,59,049,51,0,0,0,0,0,0
4,0,0,0,0,0,0,0,0,0,-1,-1,51,59,235,52,0,0,0,26,059,51,06,045,49,07,112,49,0,0,0,0,0,0,0,0,0,50,307,51,0,0,0,16,300,50,0,0,0,0,0,0,0,0,0,0,0,0,0,0,0,02,323,-1,0,0,0,0,0,0,0,0,0,0,0,0,0,0,0,0,0,0,56,129,51,0,0,0,59,049,52,0,0,0,0,0,0
4,0,0,0,0,0,0,0,0,0,-1,-1,51,59,235,52,0,0,0,26,059,51,06,045,49,07,112,49,0,0,0,0,0,0,0,0,0,50,307,51,0,0,0,16,300,50,0,0,0,0,0,0,0,0,0,0,0,0,0,0,0,02,323,-1,0,0,0,0,0,0,0,0,0,0,0,0,0,0,0,0,0,0,56,129,51,0,0,0,59,049,52,0,0,0,0,0,0
4,0,0,0,0,0,0,0,0,0,-1,-1,51,59,235,51,0,0,0,26,059,51,06,045,49,07,112,49,0,0,0,0,0,0,0,0,0,50,307,51,0,0,0,16,300,50,0,0,0,0,0,0,0,0,0,0,0,0,0,0,0,02,323,-1,0,0,0,0,0,0,0,0,0,0,0,0,0,0,0,0,0,0,56,129,51,0,0,0,59,049,52,0,0,0,0,0,0
4,0,0,0,0,0,0,0,0,0,-1,-1,51,59,235,51,0,0,0,26,059,51,06,045,49,07,112,49,0,0,0,0,0,0,0,0,0,50,307,51,0,0,0,16,300,50,0,0,0,0,0,0,0,0,0,0,0,0,0,0,0,02,323,-1,0,0,0,0,0,0,0,0,0,0,0,0,0,0,0,0,0,0,56,129,51,0,0,0,59,049,52,0,0,0,0,0,0
4,0,0,0,0,0,0,0,0,0,-1,-1,51,59,235,51,0,0,0,26,059,51,06,045,49,07,112,49,0,0,0,0,0,0,0,0,0,50,307,51,0,0,0,16,300,50,0,0,0,0,0,0,0,0,0,0,0,0,0,0,0,02,323,-1,0,0,0,0,0,0,0,0,0,0,0,0,0,0,0,0,0,0,56,129,51,0,0,0,59,049,51,0,0,0,0,0,0
4,0,0,0,0,0,0,0,0,0,-1,-1,51,59,235,51,0,0,0,26,059,51,06,045,49,07,112,49,0,0,0,0,0,0,0,0,0,50,307,51,0,0,0,16,300,50,0,0,0,0,0,0,0,0,0,0,0,0,0,0,0,02,323,-1,0,0,0,0,0,0,0,0,0,0,0,0,0,0,0,0,0,0,56,129,51,0,0,0,59,049,51,0,0,0,0,0,0
4,0,0,0,0,0,0,0,0,0,-1,-1,51,59,235,51,0,0,0,26,059,51,06,045,49,07,112,49,0,0,0,0,0,0,0,0,0,50,307,51,0,0,0,16,300,50,0,0,0,0,0,0,0,0,0,0,0,0,0,0,0,02,323,-1,0,0,0,0,0,0,0,0,0,0,0,0,0,0,0,0,0,0,56,129,51,0,0,0,59,049,51,0,0,0,0,0,0
4,0,0,0,0,0,0,0,0,0,-1,-1,51,59,235,51,0,0,0,26,059,51,06,045,49,07,112,49,0,0,0,0,0,0,0,0,0,50,307,51,0,0,0,16,300,50,0,0,0,0,0,0,0,0,0,0,0,0,0,0,0,02,323,-1,0,0,0,0,0,0,0,0,0,0,0,0,0,0,0,0,0,0,56,129,51,0,0,0,59,049,51,0,0,0,0,0,0
4,0,0,0,0,0,0,0,0,0,-1,-1,51,59,235,51,0,0,0,26,059,51,06,045,49,07,112,49,0,0,0,0,0,0,0,0,0,50,307,51,0,0,0,17,300,50,0,0,0,0,0,0,0,0,0,0,0,0,0,0,0,02,323,-1,0,0,0,0,0,0,0,0,0,0,0,0,0,0,0,0,0,0,56,129,51,0,0,0,59,049,51,0,0,0,0,0,0
4,0,0,0,0,0,0,0,0,0,-1,-1,51,59,235,51,0,0,0,26,059,51,06,045,49,07,112,49,0,0,0,0,0,0,0,0,0,50,307,51,0,0,0,17,300,50,0,0,0,0,0,0,0,0,0,0,0,0,0,0,0,02,323,-1,0,0,0,0,0,0,0,0,0,0,0,0,0,0,0,0,0,0,56,129,51,0,0,0,59,049,51,0,0,0,0,0,0
4,0,0,0,0,0,0,0,0,0,-1,-1,51,59,235,51,0,0,0,26,059,51,06,045,49,07,112,49,0,0,0,0,0,0,0,0,0,50,307,51,0,0,0,17,300,50,0,0,0,0,0,0,0,0,0,0,0,0,0,0,0,02,323,-1,0,0,0,0,0,0,0,0,0,0,0,0,0,0,0,0,0,0,56,129,51,0,0,0,59,049,51,0,0,0,0,0,0
4,0,0,0,0,0,0,0,0,0,-1,-1,51,59,235,51,0,0,0,26,059,51,06,045,49,07,112,49,0,0,0,0,0,0,0,0,0,50,307,51,0,0,0,17,300,50,0,0,0,0,0,0,0,0,0,0,0,0,0,0,0,02,323,-1,0,0,0,0,0,0,0,0,0,0,0,0,0,0,0,0,0,0,56,129,51,0,0,0,59,049,51,0,0,0,0,0,0
4,0,0,0,0,0,0,0,0,0,-1,-1,51,59,235,51,0,0,0,26,059,51,06,045,49,07,112,49,0,0,0,0,0,0,0,0,0,50,307,51,0,0,0,17,300,50,0,0,0,0,0,0,0,0,0,0,0,0,0,0,0,02,323,-1,0,0,0,0,0,0,0,0,0,0,0,0,0,0,0,0,0,0,56,129,51,0,0,0,59,049,51,0,0,0,0,0,0
4,0,0,0,0,0,0,0,0,0,-1,-1,51,59,234,51,0,0,0,26,059,51,06,045,49,07,112,49,0,0,0,0,0,0,0,0,0,50,307,51,0,0,0,17,300,50,0,0,0,0,0,0,0,0,0,0,0,0,0,0,0,02,323,-1,0,0,0,0,0,0,0,0,0,0,0,0,0,0,0,0,0,0,56,129,51,0,0,0,59,049,51,0,0,0,0,0,0
4,0,0,0,0,0,0,0,0,0,-1,-1,51,59,234,51,0,0,0,26,059,51,06,045,49,07,112,49,0,0,0,0,0,0,0,0,0,50,307,51,0,0,0,17,300,50,0,0,0,0,0,0,0,0,0,0,0,0,0,0,0,02,323,-1,0,0,0,0,0,0,0,0,0,0,0,0,0,0,0,0,0,0,56,129,51,0,0,0,59,049,51,0,0,0,0,0,0
4,0,0,0,0,0,0,0,0,0,-1,-1,51,59,234,51,0,0,0,26,059,51,06,045,49,07,112,49,0,0,0,0,0,0,0,0,0,50,307,51,0,0,0,17,300,50,0,0,0,0,0,0,0,0,0,0,0,0,0,0,0,02,323,-1,0,0,0,0,0,0,0,0,0,0,0,0,0,0,0,0,0,0,56,129,51,0,0,0,59,049,51,0,0,0,0,0,0
4,0,0,0,0,0,0,0,0,0,-1,-1,51,59,234,51,0,0,0,26,059,51,06,045,49,07,112,49,0,0,0,0,0,0,0,0,0,50,307,51,0,0,0,17,300,50,0,0,0,0,0,0,0,0,0,0,0,0,0,0,0,02,323,-1,0,0,0,0,0,0,0,0,0,0,0,0,0,0,0,0,0,0,56,129,51,0,0,0,59,049,51,0,0,0,0,0,0
4,0,0,0,0,0,0,0,0,0,-1,-1,51,59,234,51,0,0,0,26,059,51,06,045,49,07,112,49,0,0,0,0,0,0,0,0,0,50,307,51,0,0,0,17,300,50,0,0,0,0,0,0,0,0,0,0,0,0,0,0,0,02,323,-1,0,0,0,0,0,0,0,0,0,0,0,0,0,0,0,0,0,0,56,129,51,0,0,0,59,049,51,0,0,0,0,0,0
4,0,0,0,0,0,0,0,0,0,-1,-1,51,59,234,51,0,0,0,26,059,51,06,045,49,07,112,49,0,0,0,0,0,0,0,0,0,50,307,51,0,0,0,17,300,50,0,0,0,0,0,0,0,0,0,0,0,0,0,0,0,02,323,-1,0,0,0,0,0,0,0,0,0,0,0,0,0,0,0,0,0,0,56,129,51,0,0,0,59,049,51,0,0,0,0,0,0
4,0,0,0,0,0,0,0,0,0,-1,-1,50,59,234,51,0,0,0,26,059,51,06,045,49,07,112,49,0,0,0,0,0,0,0,0,0,50,307,51,0,0,0,17,300,50,0,0,0,0,0,0,0,0,0,0,0,0,0,0,0,02,322,-1,0,0,0,0,0,0,0,0,0,0,0,0,0,0,0,0,0,0,56,129,51,0,0,0,59,049,51,0,0,0,0,0,0
4,0,0,0,0,0,0,0,0,0,-1,-1,50,59,234,51,0,0,0,25,059,51,06,045,49,07,112,49,0,0,0,0,0,0,0,0,0,50,307,51,0,0,0,17,300,50,0,0,0,0,0,0,0,0,0,0,0,0,0,0,0,02,322,-1,0,0,0,0,0,0,0,0,0,0,0,0,0,0,0,0,0,0,56,129,51,0,0,0,59,049,51,0,0,0,0,0,0
4,0,0,0,0,0,0,0,0,0,-1,-1,50,59,234,51,0,0,0,25,059,51,06,045,49,07,112,49,0,0,0,0,0,0,0,0,0,50,307,51,0,0,0,17,300,50,0,0,0,0,0,0,0,0,0,0,0,0,0,0,0,02,322,-1,0,0,0,0,0,0,0,0,0,0,0,0,0,0,0,0,0,0,56,129,51,0,0,0,59,049,51,0,0,0,0,0,0
4,0,0,0,0,0,0,0,0,0,-1,-1,50,59,234,51,0,0,0,25,059,51,06,045,49,07,112,49,0,0,0,0,0,0,0,0,0,50,307,51,0,0,0,17,300,50,0,0,0,0,0,0,0,0,0,0,0,0,0,0,0,02,322,-1,0,0,0,0,0,0,0,0,0,0,0,0,0,0,0,0,0,0,56,129,51,0,0,0,59,049,51,0,0,0,0,0,0
4,0,0,0,0,0,0,0,0,0,-1,-1,50,59,234,51,0,0,0,25,059,51,06,045,49,07,112,49,0,0,0,0,0,0,0,0,0,50,307,51,0,0,0,17,300,50,0,0,0,0,0,0,0,0,0,0,0,0,0,0,0,02,322,-1,0,0,0,0,0,0,0,0,0,0,0,0,0,0,0,0,0,0,56,129,51,0,0,0,59,049,51,0,0,0,0,0,0
4,0,0,0,0,0,0,0,0,0,-1,-1,50,59,234,51,0,0,0,25,059,51,06,045,49,07,112,49,0,0,0,0,0,0,0,0,0,50,307,51,0,0,0,17,300,50,0,0,0,0,0,0,0,0,0,0,0,0,0,0,0,02,322,-1,0,0,0,0,0,0,0,0,0,0,0,0,0,0,0,0,0,0,56,129,51,0,0,0,59,049,51,0,0,0,0,0,0
4,0,0,0,0,0,0,0,0,0,-1,-1,50,59,234,51,0,0,0,25,059,51,06,045,49,07,112,49,0,0,0,0,0,0,0,0,0,50,307,51,0,0,0,17,300,50,0,0,0,0,0,0,0,0,0,0,0,0,0,0,0,02,322,-1,0,0,0,0,0,0,0,0,0,0,0,0,0,0,0,0,0,0,56,129,51,0,0,0,59,049,51,0,0,0,0,0,0
4,0,0,0,0,0,0,0,0,0,-1,-1,50,59,234,51,0,0,0,25,059,51,06,045,49,07,112,49,0,0,0,0,0,0,0,0,0,50,307,51,0,0,0,17,300,50,0,0,0,0,0,0,0,0,0,0,0,0,0,0,0,02,322,-1,0,0,0,0,0,0,0,0,0,0,0,0,0,0,0,0,0,0,56,129,51,0,0,0,59,049,51,0,0,0,0,0,0
4,0,0,0,0,0,0,0,0,0,-1,-1,50,59,234,51,0,0,0,25,059,51,06,045,49,07,112,49,0,0,0,0,0,0,0,0,0,50,307,51,0,0,0,17,300,50,0,0,0,0,0,0,0,0,0,0,0,0,0,0,0,02,322,-1,0,0,0,0,0,0,0,0,0,0,0,0,0,0,0,0,0,0,56,129,51,0,0,0,59,049,51,0,0,0,0,0,0
4,0,0,0,0,0,0,0,0,0,-1,-1,50,59,234,51,0,0,0,25,059,51,06,045,49,07,112,49,0,0,0,0,0,0,0,0,0,50,307,51,0,0,0,17,300,50,0,0,0,0,0,0,0,0,0,0,0,0,0,0,0,02,322,-1,0,0,0,0,0,0,0,0,0,0,0,0,0,0,0,0,0,0,56,129,51,0,0,0,59,049,51,0,0,0,0,0,0
4,0,0,0,0,0,0,0,0,0,-1,-1,50,59,234,51,0,0,0,25,059,51,06,045,49,07,112,49,0,0,0,0,0,0,0,0,0,50,307,51,0,0,0,17,300,50,0,0,0,0,0,0,0,0,0,0,0,0,0,0,0,02,322,-1,0,0,0,0,0,0,0,0,0,0,0,0,0,0,0,0,0,0,56,129,51,0,0,0,59,049,51,0,0,0,0,0,0
4,0,0,0,0,0,0,0,0,0,-1,-1,50,59,234,51,0,0,0,25,059,51,06,045,49,07,112,49,0,0,0,0,0,0,0,0,0,50,307,51,0,0,0,17,300,50,0,0,0,0,0,0,0,0,0,0,0,0,0,0,0,02,322,-1,0,0,0,0,0,0,0,0,0,0,0,0,0,0,0,0,0,0,56,129,51,0,0,0,59,049,51,0,0,0,0,0,0
4,0,0,0,0,0,0,0,0,0,-1,-1,50,59,234,51,0,0,0,25,059,51,06,045,49,07,112,49,0,0,0,0,0,0,0,0,0,50,307,51,0,0,0,17,300,50,0,0,0,0,0,0,0,0,0,0,0,0,0,0,0,02,322,-1,0,0,0,0,0,0,0,0,0,0,0,0,0,0,0,0,0,0,56,129,51,0,0,0,59,049,51,0,0,0,0,0,0
4,0,0,0,0,0,0,0,0,0,-1,-1,50,59,234,51,0,0,0,25,059,51,06,045,49,07,112,49,0,0,0,0,0,0,0,0,0,50,307,51,0,0,0,17,300,50,0,0,0,0,0,0,0,0,0,0,0,0,0,0,0,02,322,-1,0,0,0,0,0,0,0,0,0,0,0,0,0,0,0,0,0,0,56,129,51,0,0,0,59,049,51,0,0,0,0,0,0
4,0,0,0,0,0,0,0,0,0,-1,-1,50,59,234,51,0,0,0,25,059,51,06,045,49,07,112,49,0,0,0,0,0,0,0,0,0,50,307,51,0,0,0,17,300,50,0,0,0,0,0,0,0,0,0,0,0,0,0,0,0,02,322,-1,0,0,0,0,0,0,0,0,0,0,0,0,0,0,0,0,0,0,56,129,51,0,0,0,59,049,51,0,0,0,0,0,0
4,0,0,0,0,0,0,0,0,0,-1,-1,50,59,234,51,0,0,0,25,059,51,06,045,49,07,112,49,0,0,0,0,0,0,0,0,0,50,307,51,0,0,0,17,300,50,0,0,0,0,0,0,0,0,0,0,0,0,0,0,0,02,322,-1,0,0,0,0,0,0,0,0,0,0,0,0,0,0,0,0,0,0,56,129,51,0,0,0,59,049,51,0,0,0,0,0,0
4,0,0,0,0,0,0,0,0,0,-1,-1,50,59,234,51,0,0,0,25,059,51,06,045,49,07,112,49,0,0,0,0,0,0,0,0,0,50,307,51,0,0,0,17,300,50,0,0,0,0,0,0,0,0,0,0,0,0,0,0,0,02,322,-1,0,0,0,0,0,0,0,0,0,0,0,0,0,0,0,0,0,0,56,129,51,0,0,0,59,049,51,0,0,0,0,0,0
4,0,0,0,0,0,0,0,0,0,-1,-1,50,59,234,51,0,0,0,25,059,51,06,045,49,06,112,49,0,0,0,0,0,0,0,0,0,50,307,51,0,0,0,17,300,50,0,0,0,0,0,0,0,0,0,0,0,0,0,0,0,02,322,-1,0,0,0,0,0,0,0,0,0,0,0,0,0,0,0,0,0,0,56,129,51,0,0,0,59,049,51,0,0,0,0,0,0
4,0,0,0,0,0,0,0,0,0,-1,-1,50,59,234,51,0,0,0,25,059,51,06,045,49,06,112,49,0,0,0,0,0,0,0,0,0,50,307,51,0,0,0,17,300,50,0,0,0,0,0,0,0,0,0,0,0,0,0,0,0,02,322,-1,0,0,0,0,0,0,0,0,0,0,0,0,0,0,0,0,0,0,56,129,51,0,0,0,59,049,51,0,0,0,0,0,0
4,0,0,0,0,0,0,0,0,0,-1,-1,50,59,234,51,0,0,0,25,059,51,06,045,49,06,112,49,0,0,0,0,0,0,0,0,0,50,307,51,0,0,0,17,300,50,0,0,0,0,0,0,0,0,0,0,0,0,0,0,0,02,322,-1,0,0,0,0,0,0,0,0,0,0,0,0,0,0,0,0,0,0,56,129,51,0,0,0,59,049,51,0,0,0,0,0,0
4,0,0,0,0,0,0,0,0,0,-1,-1,50,59,234,51,0,0,0,25,059,51,06,045,49,06,112,49,0,0,0,0,0,0,0,0,0,50,307,51,0,0,0,17,300,50,0,0,0,0,0,0,0,0,0,0,0,0,0,0,0,02,322,-1,0,0,0,0,0,0,0,0,0,0,0,0,0,0,0,0,0,0,56,129,51,0,0,0,59,049,51,0,0,0,0,0,0
4,0,0,0,0,0,0,0,0,0,-1,-1,50,59,234,51,0,0,0,25,059,51,06,045,49,06,112,49,0,0,0,0,0,0,0,0,0,50,307,51,0,0,0,17,300,50,0,0,0,0,0,0,0,0,0,0,0,0,0,0,0,02,322,-1,0,0,0,0,0,0,0,0,0,0,0,0,0,0,0,0,0,0,56,129,51,0,0,0,59,049,51,0,0,0,0,0,0
4,0,0,0,0,0,0,0,0,0,-1,-1,51,59,234,52,0,0,0,25,059,51,06,045,49,06,112,49,0,0,0,0,0,0,0,0,0,50,307,51,0,0,0,17,300,50,0,0,0,0,0,0,0,0,0,0,0,0,0,0,0,02,322,-1,0,0,0,0,0,0,0,0,0,0,0,0,0,0,0,0,0,0,56,129,51,0,0,0,59,049,51,0,0,0,0,0,0
4,0,0,0,0,0,0,0,0,0,-1,-1,50,59,234,51,0,0,0,25,059,51,06,045,49,06,112,49,0,0,0,0,0,0,0,0,0,50,307,51,0,0,0,17,300,50,0,0,0,0,0,0,0,0,0,0,0,0,0,0,0,02,322,-1,0,0,0,0,0,0,0,0,0,0,0,0,0,0,0,0,0,0,56,129,51,0,0,0,59,049,51,0,0,0,0,0,0
4,0,0,0,0,0,0,0,0,0,-1,-1,50,59,234,51,0,0,0,25,059,51,06,045,49,06,112,49,0,0,0,0,0,0,0,0,0,50,307,51,0,0,0,17,300,50,0,0,0,0,0,0,0,0,0,0,0,0,0,0,0,02,322,-1,0,0,0,0,0,0,0,0,0,0,0,0,0,0,0,0,0,0,56,129,51,0,0,0,59,049,51,0,0,0,0,0,0
4,0,0,0,0,0,0,0,0,0,-1,-1,50,59,234,51,0,0,0,25,059,51,06,045,49,06,112,49,0,0,0,0,0,0,0,0,0,50,307,51,0,0,0,17,300,50,0,0,0,0,0,0,0,0,0,0,0,0,0,0,0,02,322,-1,0,0,0,0,0,0,0,0,0,0,0,0,0,0,0,0,0,0,56,129,51,0,0,0,59,049,51,0,0,0,0,0,0
4,0,0,0,0,0,0,0,0,0,-1,-1,50,59,234,51,0,0,0,25,059,51,06,045,49,06,112,49,0,0,0,0,0,0,0,0,0,50,307,51,0,0,0,17,300,50,0,0,0,0,0,0,0,0,0,0,0,0,0,0,0,02,322,-1,0,0,0,0,0,0,0,0,0,0,0,0,0,0,0,0,0,0,56,128,51,0,0,0,59,049,51,0,0,0,0,0,0
4,0,0,0,0,0,0,0,0,0,-1,-1,51,59,234,51,0,0,0,25,059,51,06,045,49,06,112,49,0,0,0,0,0,0,0,0,0,50,307,51,0,0,0,17,300,50,0,0,0,0,0,0,0,0,0,0,0,0,0,0,0,02,322,-1,0,0,0,0,0,0,0,0,0,0,0,0,0,0,0,0,0,0,56,128,51,0,0,0,59,049,51,0,0,0,0,0,0
4,0,0,0,0,0,0,0,0,0,-1,-1,51,59,234,51,0,0,0,25,059,51,06,045,49,06,112,49,0,0,0,0,0,0,0,0,0,50,307,51,0,0,0,17,300,50,0,0,0,0,0,0,0,0,0,0,0,0,0,0,0,02,322,-1,0,0,0,0,0,0,0,0,0,0,0,0,0,0,0,0,0,0,56,128,51,0,0,0,59,049,51,0,0,0,0,0,0
4,0,0,0,0,0,0,0,0,0,-1,-1,51,59,234,52,0,0,0,25,059,51,06,045,49,06,112,49,0,0,0,0,0,0,0,0,0,50,307,51,0,0,0,17,300,50,0,0,0,0,0,0,0,0,0,0,0,0,0,0,0,02,322,-1,0,0,0,0,0,0,0,0,0,0,0,0,0,0,0,0,0,0,56,128,51,0,0,0,59,049,51,0,0,0,0,0,0
4,0,0,0,0,0,0,0,0,0,-1,-1,51,59,234,52,0,0,0,25,059,51,06,045,49,06,112,49,0,0,0,0,0,0,0,0,0,50,308,51,0,0,0,17,300,50,0,0,0,0,0,0,0,0,0,0,0,0,0,0,0,02,322,-1,0,0,0,0,0,0,0,0,0,0,0,0,0,0,0,0,0,0,56,128,51,0,0,0,59,049,51,0,0,0,0,0,0
4,0,0,0,0,0,0,0,0,0,-1,-1,51,59,234,52,0,0,0,25,059,51,06,045,49,06,112,49,0,0,0,0,0,0,0,0,0,50,308,51,0,0,0,17,300,50,0,0,0,0,0,0,0,0,0,0,0,0,0,0,0,02,322,-1,0,0,0,0,0,0,0,0,0,0,0,0,0,0,0,0,0,0,56,128,51,0,0,0,59,049,51,0,0,0,0,0,0
4,0,0,0,0,0,0,0,0,0,-1,-1,51,59,234,52,0,0,0,25,059,51,06,045,49,06,112,49,0,0,0,0,0,0,0,0,0,50,308,51,0,0,0,17,300,50,0,0,0,0,0,0,0,0,0,0,0,0,0,0,0,02,322,-1,0,0,0,0,0,0,0,0,0,0,0,0,0,0,0,0,0,0,56,128,51,0,0,0,59,049,51,0,0,0,0,0,0
4,0,0,0,0,0,0,0,0,0,-1,-1,51,59,234,52,0,0,0,25,059,51,06,045,49,06,112,49,0,0,0,0,0,0,0,0,0,50,308,51,0,0,0,17,300,50,0,0,0,0,0,0,0,0,0,0,0,0,0,0,0,02,322,-1,0,0,0,0,0,0,0,0,0,0,0,0,0,0,0,0,0,0,56,128,51,0,0,0,59,049,51,0,0,0,0,0,0
4,0,0,0,0,0,0,0,0,0,-1,-1,51,59,234,52,0,0,0,25,059,51,06,045,49,06,112,49,0,0,0,0,0,0,0,0,0,50,308,52,0,0,0,17,300,51,0,0,0,0,0,0,0,0,0,0,0,0,0,0,0,02,322,-1,0,0,0,0,0,0,0,0,0,0,0,0,0,0,0,0,0,0,56,128,52,0,0,0,59,049,51,0,0,0,0,0,0
4,0,0,0,0,0,0,0,0,0,-1,-1,51,59,234,52,0,0,0,25,059,51,06,045,49,06,112,49,0,0,0,0,0,0,0,0,0,50,308,52,0,0,0,17,300,51,0,0,0,0,0,0,0,0,0,0,0,0,0,0,0,02,322,-1,0,0,0,0,0,0,0,0,0,0,0,0,0,0,0,0,0,0,56,128,52,0,0,0,59,049,51,0,0,0,0,0,0
4,0,0,0,0,0,0,0,0,0,-1,-1,50,59,234,52,0,0,0,25,059,51,06,045,49,06,112,49,0,0,0,0,0,0,0,0,0,50,308,52,0,0,0,17,301,51,0,0,0,0,0,0,0,0,0,0,0,0,0,0,0,02,322,-1,0,0,0,0,0,0,0,0,0,0,0,0,0,0,0,0,0,0,56,128,52,0,0,0,59,049,51,0,0,0,0,0,0
4,0,0,0,0,0,0,0,0,0,-1,-1,51,59,234,52,0,0,0,25,059,51,06,045,49,06,112,49,0,0,0,0,0,0,0,0,0,50,308,52,0,0,0,17,301,51,0,0,0,0,0,0,0,0,0,0,0,0,0,0,0,02,322,-1,0,0,0,0,0,0,0,0,0,0,0,0,0,0,0,0,0,0,57,128,52,0,0,0,59,049,51,0,0,0,0,0,0
4,0,0,0,0,0,0,0,0,0,-1,-1,51,59,234,52,0,0,0,25,059,51,06,045,49,06,112,49,0,0,0,0,0,0,0,0,0,50,308,52,0,0,0,17,301,51,0,0,0,0,0,0,0,0,0,0,0,0,0,0,0,02,322,-1,0,0,0,0,0,0,0,0,0,0,0,0,0,0,0,0,0,0,57,128,51,0,0,0,59,049,51,0,0,0,0,0,0
4,0,0,0,0,0,0,0,0,0,-1,-1,51,59,234,51,0,0,0,25,059,51,06,045,49,06,112,49,0,0,0,0,0,0,0,0,0,50,308,52,0,0,0,17,301,51,0,0,0,0,0,0,0,0,0,0,0,0,0,0,0,02,322,-1,0,0,0,0,0,0,0,0,0,0,0,0,0,0,0,0,0,0,57,128,51,0,0,0,59,049,51,0,0,0,0,0,0
4,0,0,0,0,0,0,0,0,0,-1,-1,51,59,234,51,0,0,0,25,059,51,06,045,49,06,112,49,0,0,0,0,0,0,0,0,0,50,308,51,0,0,0,17,301,50,0,0,0,0,0,0,0,0,0,0,0,0,0,0,0,02,322,-1,0,0,0,0,0,0,0,0,0,0,0,0,0,0,0,0,0,0,57,128,51,0,0,0,59,049,51,0,0,0,0,0,0
4,0,0,0,0,0,0,0,0,0,-1,-1,51,59,234,51,0,0,0,25,059,51,06,045,49,06,112,49,0,0,0,0,0,0,0,0,0,50,308,51,0,0,0,17,301,50,0,0,0,0,0,0,0,0,0,0,0,0,0,0,0,02,322,-1,0,0,0,0,0,0,0,0,0,0,0,0,0,0,0,0,0,0,57,128,51,0,0,0,59,049,51,0,0,0,0,0,0
4,0,0,0,0,0,0,0,0,0,-1,-1,51,59,234,51,0,0,0,25,059,51,06,045,49,06,112,49,0,0,0,0,0,0,0,0,0,50,308,51,0,0,0,17,301,50,0,0,0,0,0,0,0,0,0,0,0,0,0,0,0,02,322,-1,0,0,0,0,0,0,0,0,0,0,0,0,0,0,0,0,0,0,57,128,51,0,0,0,59,049,51,0,0,0,0,0,0
4,0,0,0,0,0,0,0,0,0,-1,-1,51,59,234,51,0,0,0,25,059,51,06,045,49,06,112,49,0,0,0,0,0,0,0,0,0,50,308,51,0,0,0,17,301,50,0,0,0,0,0,0,0,0,0,0,0,0,0,0,0,02,322,-1,0,0,0,0,0,0,0,0,0,0,0,0,0,0,0,0,0,0,57,128,51,0,0,0,59,049,51,0,0,0,0,0,0
4,0,0,0,0,0,0,0,0,0,-1,-1,51,59,234,51,0,0,0,25,059,51,06,045,49,06,112,49,0,0,0,0,0,0,0,0,0,50,308,51,0,0,0,17,301,50,0,0,0,0,0,0,0,0,0,0,0,0,0,0,0,02,322,-1,0,0,0,0,0,0,0,0,0,0,0,0,0,0,0,0,0,0,57,128,51,0,0,0,59,049,51,0,0,0,0,0,0
4,0,0,0,0,0,0,0,0,0,-1,-1,50,59,234,51,0,0,0,25,059,51,06,045,49,06,112,49,0,0,0,0,0,0,0,0,0,50,308,51,0,0,0,17,301,50,0,0,0,0,0,0,0,0,0,0,0,0,0,0,0,02,322,-1,0,0,0,0,0,0,0,0,0,0,0,0,0,0,0,0,0,0,57,128,51,0,0,0,59,049,51,0,0,0,0,0,0
4,0,0,0,0,0,0,0,0,0,-1,-1,50,59,234,51,0,0,0,25,059,51,06,045,49,06,112,49,0,0,0,0,0,0,0,0,0,50,308,51,0,0,0,17,301,50,0,0,0,0,0,0,0,0,0,0,0,0,0,0,0,02,322,-1,0,0,0,0,0,0,0,0,0,0,0,0,0,0,0,0,0,0,57,128,51,0,0,0,59,049,51,0,0,0,0,0,0
4,0,0,0,0,0,0,0,0,0,-1,-1,50,59,234,51,0,0,0,25,059,51,06,045,49,06,112,49,0,0,0,0,0,0,0,0,0,50,308,51,0,0,0,17,301,50,0,0,0,0,0,0,0,0,0,0,0,0,0,0,0,02,322,-1,0,0,0,0,0,0,0,0,0,0,0,0,0,0,0,0,0,0,57,128,51,0,0,0,58,049,51,0,0,0,0,0,0
4,0,0,0,0,0,0,0,0,0,-1,-1,50,59,234,51,0,0,0,25,059,51,06,045,49,06,112,49,0,0,0,0,0,0,0,0,0,50,308,51,0,0,0,17,301,50,0,0,0,0,0,0,0,0,0,0,0,0,0,0,0,02,322,-1,0,0,0,0,0,0,0,0,0,0,0,0,0,0,0,0,0,0,57,128,51,0,0,0,58,049,51,0,0,0,0,0,0
4,0,0,0,0,0,0,0,0,0,-1,-1,50,59,234,51,0,0,0,25,059,51,06,045,49,06,112,49,0,0,0,0,0,0,0,0,0,50,308,51,0,0,0,17,301,50,0,0,0,0,0,0,0,0,0,0,0,0,0,0,0,02,322,-1,0,0,0,0,0,0,0,0,0,0,0,0,0,0,0,0,0,0,57,128,51,0,0,0,58,049,51,0,0,0,0,0,0
4,0,0,0,0,0,0,0,0,0,-1,-1,50,59,234,51,0,0,0,25,059,51,06,045,49,06,112,49,0,0,0,0,0,0,0,0,0,50,308,51,0,0,0,17,301,50,0,0,0,0,0,0,0,0,0,0,0,0,0,0,0,02,322,-1,0,0,0,0,0,0,0,0,0,0,0,0,0,0,0,0,0,0,57,128,51,0,0,0,58,049,51,0,0,0,0,0,0
4,0,0,0,0,0,0,0,0,0,-1,-1,50,59,234,51,0,0,0,25,059,51,06,044,49,06,112,49,0,0,0,0,0,0,0,0,0,50,308,51,0,0,0,17,301,50,0,0,0,0,0,0,0,0,0,0,0,0,0,0,0,02,322,-1,0,0,0,0,0,0,0,0,0,0,0,0,0,0,0,0,0,0,57,128,51,0,0,0,58,049,51,0,0,0,0,0,0
4,0,0,0,0,0,0,0,0,0,-1,-1,50,59,234,51,0,0,0,25,059,51,06,044,49,06,112,49,0,0,0,0,0,0,0,0,0,50,308,51,0,0,0,17,301,50,0,0,0,0,0,0,0,0,0,0,0,0,0,0,0,02,322,-1,0,0,0,0,0,0,0,0,0,0,0,0,0,0,0,0,0,0,57,128,51,0,0,0,58,049,51,0,0,0,0,0,0
4,0,0,0,0,0,0,0,0,0,-1,-1,50,59,234,51,0,0,0,25,059,51,06,044,49,06,112,49,0,0,0,0,0,0,0,0,0,50,308,51,0,0,0,17,301,50,0,0,0,0,0,0,0,0,0,0,0,0,0,0,0,02,322,-1,0,0,0,0,0,0,0,0,0,0,0,0,0,0,0,0,0,0,57,128,51,0,0,0,58,049,51,0,0,0,0,0,0
4,0,0,0,0,0,0,0,0,0,-1,-1,50,59,234,51,0,0,0,25,059,51,06,044,49,06,112,49,0,0,0,0,0,0,0,0,0,50,308,51,0,0,0,17,301,50,0,0,0,0,0,0,0,0,0,0,0,0,0,0,0,02,322,-1,0,0,0,0,0,0,0,0,0,0,0,0,0,0,0,0,0,0,57,128,51,0,0,0,58,049,51,0,0,0,0,0,0
4,0,0,0,0,0,0,0,0,0,-1,-1,50,59,234,51,0,0,0,25,059,51,06,044,49,06,112,49,0,0,0,0,0,0,0,0,0,50,308,51,0,0,0,17,301,50,0,0,0,0,0,0,0,0,0,0,0,0,0,0,0,02,322,-1,0,0,0,0,0,0,0,0,0,0,0,0,0,0,0,0,0,0,57,128,51,0,0,0,58,049,51,0,0,0,0,0,0
4,0,0,0,0,0,0,0,0,0,-1,-1,50,59,234,51,0,0,0,25,059,51,06,044,49,06,112,49,0,0,0,0,0,0,0,0,0,50,308,51,0,0,0,17,301,50,0,0,0,0,0,0,0,0,0,0,0,0,0,0,0,02,322,-1,0,0,0,0,0,0,0,0,0,0,0,0,0,0,0,0,0,0,57,128,51,0,0,0,58,049,51,0,0,0,0,0,0
4,0,0,0,0,0,0,0,0,0,-1,-1,50,59,234,51,0,0,0,25,059,51,06,044,49,06,112,49,0,0,0,0,0,0,0,0,0,50,308,51,0,0,0,17,301,50,0,0,0,0,0,0,0,0,0,0,0,0,0,0,0,02,322,-1,0,0,0,0,0,0,0,0,0,0,0,0,0,0,0,0,0,0,57,128,51,0,0,0,58,049,51,0,0,0,0,0,0
4,0,0,0,0,0,0,0,0,0,-1,-1,50,59,234,51,0,0,0,25,059,51,06,044,49,06,112,49,0,0,0,0,0,0,0,0,0,50,308,51,0,0,0,17,301,50,0,0,0,0,0,0,0,0,0,0,0,0,0,0,0,02,322,-1,0,0,0,0,0,0,0,0,0,0,0,0,0,0,0,0,0,0,57,128,51,0,0,0,58,049,51,0,0,0,0,0,0
4,0,0,0,0,0,0,0,0,0,-1,-1,50,59,234,51,0,0,0,25,059,51,06,044,49,06,112,49,0,0,0,0,0,0,0,0,0,50,308,51,0,0,0,17,301,50,0,0,0,0,0,0,0,0,0,0,0,0,0,0,0,02,322,-1,0,0,0,0,0,0,0,0,0,0,0,0,0,0,0,0,0,0,57,128,51,0,0,0,58,049,51,0,0,0,0,0,0
4,0,0,0,0,0,0,0,0,0,-1,-1,50,59,234,51,0,0,0,25,059,51,06,044,49,06,112,49,0,0,0,0,0,0,0,0,0,50,308,51,0,0,0,17,301,50,0,0,0,0,0,0,0,0,0,0,0,0,0,0,0,02,322,-1,0,0,0,0,0,0,0,0,0,0,0,0,0,0,0,0,0,0,57,128,51,0,0,0,58,049,51,0,0,0,0,0,0
4,0,0,0,0,0,0,0,0,0,-1,-1,50,59,234,51,0,0,0,25,059,51,06,044,49,06,112,49,0,0,0,0,0,0,0,0,0,50,308,51,0,0,0,17,301,50,0,0,0,0,0,0,0,0,0,0,0,0,0,0,0,02,322,-1,0,0,0,0,0,0,0,0,0,0,0,0,0,0,0,0,0,0,57,128,51,0,0,0,58,049,51,0,0,0,0,0,0
4,0,0,0,0,0,0,0,0,0,-1,-1,50,59,234,51,0,0,0,25,059,51,06,044,49,06,112,49,0,0,0,0,0,0,0,0,0,50,308,51,0,0,0,17,301,50,0,0,0,0,0,0,0,0,0,0,0,0,0,0,0,02,322,-1,0,0,0,0,0,0,0,0,0,0,0,0,0,0,0,0,0,0,57,128,51,0,0,0,58,049,51,0,0,0,0,0,0
4,0,0,0,0,0,0,0,0,0,-1,-1,50,59,234,51,0,0,0,25,059,51,06,044,49,06,112,49,0,0,0,0,0,0,0,0,0,50,308,51,0,0,0,17,301,50,0,0,0,0,0,0,0,0,0,0,0,0,0,0,0,02,322,-1,0,0,0,0,0,0,0,0,0,0,0,0,0,0,0,0,0,0,57,128,51,0,0,0,58,049,51,0,0,0,0,0,0
4,0,0,0,0,0,0,0,0,0,-1,-1,50,59,234,51,0,0,0,25,059,51,06,044,49,06,112,49,0,0,0,0,0,0,0,0,0,50,308,51,0,0,0,17,301,50,0,0,0,0,0,0,0,0,0,0,0,0,0,0,0,02,322,-1,0,0,0,0,0,0,0,0,0,0,0,0,0,0,0,0,0,0,57,128,51,0,0,0,58,049,51,0,0,0,0,0,0
4,0,0,0,0,0,0,0,0,0,-1,-1,50,59,234,51,0,0,0,25,059,51,06,044,49,06,112,49,0,0,0,0,0,0,0,0,0,50,308,51,0,0,0,17,301,50,0,0,0,0,0,0,0,0,0,0,0,0,0,0,0,02,322,-1,0,0,0,0,0,0,0,0,0,0,0,0,0,0,0,0,0,0,57,128,51,0,0,0,58,049,51,0,0,0,0,0,0
4,0,0,0,0,0,0,0,0,0,-1,-1,50,59,234,51,0,0,0,25,059,51,06,044,49,06,112,49,0,0,0,0,0,0,0,0,0,50,308,51,0,0,0,17,301,50,0,0,0,0,0,0,0,0,0,0,0,0,0,0,0,02,322,-1,0,0,0,0,0,0,0,0,0,0,0,0,0,0,0,0,0,0,57,128,51,0,0,0,58,049,51,0,0,0,0,0,0
4,0,0,0,0,0,0,0,0,0,-1,-1,50,59,234,51,0,0,0,25,059,51,06,044,49,06,112,49,0,0,0,0,0,0,0,0,0,50,308,51,0,0,0,17,301,50,0,0,0,0,0,0,0,0,0,0,0,0,0,0,0,02,322,-1,0,0,0,0,0,0,0,0,0,0,0,0,0,0,0,0,0,0,57,128,51,0,0,0,58,049,51,0,0,0,0,0,0
4,0,0,0,0,0,0,0,0,0,-1,-1,50,59,234,51,0,0,0,25,059,51,06,044,49,06,112,49,0,0,0,0,0,0,0,0,0,50,308,51,0,0,0,17,301,50,0,0,0,0,0,0,0,0,0,0,0,0,0,0,0,02,322,-1,0,0,0,0,0,0,0,0,0,0,0,0,0,0,0,0,0,0,57,128,51,0,0,0,58,049,51,0,0,0,0,0,0
4,0,0,0,0,0,0,0,0,0,-1,-1,50,59,234,51,0,0,0,25,059,51,06,044,49,06,112,49,0,0,0,0,0,0,0,0,0,50,308,51,0,0,0,17,301,50,0,0,0,0,0,0,0,0,0,0,0,0,0,0,0,02,322,-1,0,0,0,0,0,0,0,0,0,0,0,0,0,0,0,0,0,0,57,128,51,0,0,0,58,049,51,0,0,0,0,0,0
4,0,0,0,0,0,0,0,0,0,-1,-1,50,59,234,51,0,0,0,25,059,51,06,044,49,06,112,49,0,0,0,0,0,0,0,0,0,50,308,52,0,0,0,17,301,50,0,0,0,0,0,0,0,0,0,0,0,0,0,0,0,02,322,-1,0,0,0,0,0,0,0,0,0,0,0,0,0,0,0,0,0,0,57,128,51,0,0,0,58,049,51,0,0,0,0,0,0
4,0,0,0,0,0,0,0,0,0,-1,-1,50,59,233,51,0,0,0,25,059,51,06,044,49,06,112,49,0,0,0,0,0,0,0,0,0,50,308,52,0,0,0,17,301,50,0,0,0,0,0,0,0,0,0,0,0,0,0,0,0,02,322,-1,0,0,0,0,0,0,0,0,0,0,0,0,0,0,0,0,0,0,57,128,51,0,0,0,58,049,51,0,0,0,0,0,0
4,0,0,0,0,0,0,0,0,0,-1,-1,50,59,233,51,0,0,0,25,059,51,06,044,49,06,112,49,0,0,0,0,0,0,0,0,0,50,308,51,0,0,0,17,301,50,0,0,0,0,0,0,0,0,0,0,0,0,0,0,0,02,322,-1,0,0,0,0,0,0,0,0,0,0,0,0,0,0,0,0,0,0,57,128,51,0,0,0,58,049,51,0,0,0,0,0,0
4,0,0,0,0,0,0,0,0,0,-1,-1,50,59,233,51,0,0,0,25,059,51,06,044,49,06,112,49,0,0,0,0,0,0,0,0,0,50,308,51,0,0,0,17,301,50,0,0,0,0,0,0,0,0,0,0,0,0,0,0,0,02,322,-1,0,0,0,0,0,0,0,0,0,0,0,0,0,0,0,0,0,0,57,128,51,0,0,0,58,049,51,0,0,0,0,0,0
4,0,0,0,0,0,0,0,0,0,-1,-1,50,59,233,51,0,0,0,25,059,51,06,044,49,06,112,49,0,0,0,0,0,0,0,0,0,50,308,51,0,0,0,17,301,50,0,0,0,0,0,0,0,0,0,0,0,0,0,0,0,02,322,-1,0,0,0,0,0,0,0,0,0,0,0,0,0,0,0,0,0,0,57,128,51,0,0,0,58,049,51,0,0,0,0,0,0
4,0,0,0,0,0,0,0,0,0,-1,-1,50,59,233,51,0,0,0,25,059,51,06,044,49,06,112,49,0,0,0,0,0,0,0,0,0,50,308,51,0,0,0,17,301,50,0,0,0,0,0,0,0,0,0,0,0,0,0,0,0,02,322,-1,0,0,0,0,0,0,0,0,0,0,0,0,0,0,0,0,0,0,57,128,51,0,0,0,58,049,51,0,0,0,0,0,0
4,0,0,0,0,0,0,0,0,0,-1,-1,50,59,233,51,0,0,0,25,059,51,06,044,49,06,112,49,0,0,0,0,0,0,0,0,0,51,308,51,0,0,0,17,301,50,0,0,0,0,0,0,0,0,0,0,0,0,0,0,0,02,322,-1,0,0,0,0,0,0,0,0,0,0,0,0,0,0,0,0,0,0,57,128,51,0,0,0,58,049,51,0,0,0,0,0,0
4,0,0,0,0,0,0,0,0,0,-1,-1,50,59,233,51,0,0,0,25,059,51,06,044,49,06,112,49,0,0,0,0,0,0,0,0,0,51,308,51,0,0,0,17,301,50,0,0,0,0,0,0,0,0,0,0,0,0,0,0,0,02,322,-1,0,0,0,0,0,0,0,0,0,0,0,0,0,0,0,0,0,0,57,128,51,0,0,0,58,049,51,0,0,0,0,0,0
4,0,0,0,0,0,0,0,0,0,-1,-1,50,59,233,51,0,0,0,25,059,51,06,044,49,06,112,49,0,0,0,0,0,0,0,0,0,51,308,51,0,0,0,17,301,50,0,0,0,0,0,0,0,0,0,0,0,0,0,0,0,02,322,-1,0,0,0,0,0,0,0,0,0,0,0,0,0,0,0,0,0,0,57,128,51,0,0,0,58,049,51,0,0,0,0,0,0
4,0,0,0,0,0,0,0,0,0,-1,-1,50,59,233,51,0,0,0,25,059,51,06,044,49,06,112,49,0,0,0,0,0,0,0,0,0,51,308,51,0,0,0,17,301,50,0,0,0,0,0,0,0,0,0,0,0,0,0,0,0,02,322,-1,0,0,0,0,0,0,0,0,0,0,0,0,0,0,0,0,0,0,57,128,51,0,0,0,58,049,51,0,0,0,0,0,0
4,0,0,0,0,0,0,0,0,0,-1,-1,50,59,233,51,0,0,0,25,059,51,06,044,49,06,112,49,0,0,0,0,0,0,0,0,0,51,308,51,0,0,0,17,301,50,0,0,0,0,0,0,0,0,0,0,0,0,0,0,0,02,322,-1,0,0,0,0,0,0,0,0,0,0,0,0,0,0,0,0,0,0,57,128,51,0,0,0,58,049,51,0,0,0,0,0,0
4,0,0,0,0,0,0,0,0,0,-1,-1,50,59,233,51,0,0,0,25,059,51,06,044,49,06,112,49,0,0,0,0,0,0,0,0,0,51,308,51,0,0,0,17,301,50,0,0,0,0,0,0,0,0,0,0,0,0,0,0,0,02,322,-1,0,0,0,0,0,0,0,0,0,0,0,0,0,0,0,0,0,0,57,128,51,0,0,0,58,049,51,0,0,0,0,0,0
4,0,0,0,0,0,0,0,0,0,-1,-1,50,59,233,51,0,0,0,25,059,51,06,044,49,06,112,49,0,0,0,0,0,0,0,0,0,51,308,51,0,0,0,17,301,50,0,0,0,0,0,0,0,0,0,0,0,0,0,0,0,02,322,-1,0,0,0,0,0,0,0,0,0,0,0,0,0,0,0,0,0,0,57,128,51,0,0,0,58,049,51,0,0,0,0,0,0
4,0,0,0,0,0,0,0,0,0,-1,-1,50,59,233,51,0,0,0,25,059,51,06,044,49,06,112,49,0,0,0,0,0,0,0,0,0,51,308,51,0,0,0,17,301,50,0,0,0,0,0,0,0,0,0,0,0,0,0,0,0,02,322,-1,0,0,0,0,0,0,0,0,0,0,0,0,0,0,0,0,0,0,57,128,51,0,0,0,58,049,51,0,0,0,0,0,0
4,0,0,0,0,0,0,0,0,0,-1,-1,50,59,233,51,0,0,0,25,059,51,06,044,49,06,112,49,0,0,0,0,0,0,0,0,0,51,308,51,0,0,0,17,301,50,0,0,0,0,0,0,0,0,0,0,0,0,0,0,0,02,322,-1,0,0,0,0,0,0,0,0,0,0,0,0,0,0,0,0,0,0,57,128,51,0,0,0,58,049,51,0,0,0,0,0,0
4,0,0,0,0,0,0,0,0,0,-1,-1,50,59,233,51,0,0,0,25,059,51,06,044,49,06,112,49,0,0,0,0,0,0,0,0,0,51,308,51,0,0,0,17,301,50,0,0,0,0,0,0,0,0,0,0,0,0,0,0,0,02,322,-1,0,0,0,0,0,0,0,0,0,0,0,0,0,0,0,0,0,0,57,128,51,0,0,0,58,049,51,0,0,0,0,0,0
4,0,0,0,0,0,0,0,0,0,-1,-1,50,59,233,51,0,0,0,25,059,51,06,044,49,06,112,49,0,0,0,0,0,0,0,0,0,51,308,51,0,0,0,17,301,50,0,0,0,0,0,0,0,0,0,0,0,0,0,0,0,02,322,-1,0,0,0,0,0,0,0,0,0,0,0,0,0,0,0,0,0,0,57,128,51,0,0,0,58,049,51,0,0,0,0,0,0
4,0,0,0,0,0,0,0,0,0,-1,-1,50,59,233,51,0,0,0,25,059,51,06,044,49,06,112,49,0,0,0,0,0,0,0,0,0,51,308,51,0,0,0,17,301,50,0,0,0,0,0,0,0,0,0,0,0,0,0,0,0,02,322,-1,0,0,0,0,0,0,0,0,0,0,0,0,0,0,0,0,0,0,57,128,51,0,0,0,58,049,51,0,0,0,0,0,0
4,0,0,0,0,0,0,0,0,0,-1,-1,50,59,233,51,0,0,0,25,059,51,06,044,49,06,112,49,0,0,0,0,0,0,0,0,0,51,308,51,0,0,0,17,301,50,0,0,0,0,0,0,0,0,0,0,0,0,0,0,0,02,322,-1,0,0,0,0,0,0,0,0,0,0,0,0,0,0,0,0,0,0,57,128,51,0,0,0,58,049,51,0,0,0,0,0,0
4,0,0,0,0,0,0,0,0,0,-1,-1,51,59,233,52,0,0,0,25,059,51,06,044,49,06,112,49,0,0,0,0,0,0,0,0,0,51,308,51,0,0,0,17,301,50,0,0,0,0,0,0,0,0,0,0,0,0,0,0,0,02,322,-1,0,0,0,0,0,0,0,0,0,0,0,0,0,0,0,0,0,0,57,128,51,0,0,0,58,049,51,0,0,0,0,0,0
4,0,0,0,0,0,0,0,0,0,-1,-1,51,59,233,52,0,0,0,25,059,51,06,044,49,06,112,49,0,0,0,0,0,0,0,0,0,51,308,51,0,0,0,17,301,50,0,0,0,0,0,0,0,0,0,0,0,0,0,0,0,02,322,-1,0,0,0,0,0,0,0,0,0,0,0,0,0,0,0,0,0,0,57,128,51,0,0,0,58,049,52,0,0,0,0,0,0
4,0,0,0,0,0,0,0,0,0,-1,-1,51,59,233,52,0,0,0,25,059,51,06,044,49,06,112,49,0,0,0,0,0,0,0,0,0,51,308,51,0,0,0,17,301,50,0,0,0,0,0,0,0,0,0,0,0,0,0,0,0,02,322,-1,0,0,0,0,0,0,0,0,0,0,0,0,0,0,0,0,0,0,57,128,51,0,0,0,58,049,51,0,0,0,0,0,0
4,0,0,0,0,0,0,0,0,0,-1,-1,51,59,233,51,0,0,0,25,059,51,06,044,49,06,112,49,0,0,0,0,0,0,0,0,0,51,308,51,0,0,0,17,301,50,0,0,0,0,0,0,0,0,0,0,0,0,0,0,0,02,322,-1,0,0,0,0,0,0,0,0,0,0,0,0,0,0,0,0,0,0,57,128,52,0,0,0,58,049,52,0,0,0,0,0,0
4,0,0,0,0,0,0,0,0,0,-1,-1,50,59,233,52,0,0,0,25,059,51,06,044,49,06,112,49,0,0,0,0,0,0,0,0,0,51,308,52,0,0,0,17,301,50,0,0,0,0,0,0,0,0,0,0,0,0,0,0,0,02,322,-1,0,0,0,0,0,0,0,0,0,0,0,0,0,0,0,0,0,0,57,128,52,0,0,0,58,049,52,0,0,0,0,0,0
4,0,0,0,0,0,0,0,0,0,-1,-1,51,59,233,52,0,0,0,25,059,51,06,044,49,06,112,49,0,0,0,0,0,0,0,0,0,51,308,52,0,0,0,17,301,50,0,0,0,0,0,0,0,0,0,0,0,0,0,0,0,02,322,-1,0,0,0,0,0,0,0,0,0,0,0,0,0,0,0,0,0,0,57,128,52,0,0,0,58,049,52,0,0,0,0,0,0
4,0,0,0,0,0,0,0,0,0,-1,-1,51,59,233,52,0,0,0,25,059,51,06,044,49,06,112,49,0,0,0,0,0,0,0,0,0,51,308,52,0,0,0,17,301,50,0,0,0,0,0,0,0,0,0,0,0,0,0,0,0,02,322,-1,0,0,0,0,0,0,0,0,0,0,0,0,0,0,0,0,0,0,57,128,52,0,0,0,58,049,52,0,0,0,0,0,0
4,0,0,0,0,0,0,0,0,0,-1,-1,51,59,233,52,0,0,0,25,059,51,06,044,49,06,112,49,0,0,0,0,0,0,0,0,0,51,308,52,0,0,0,17,301,50,0,0,0,0,0,0,0,0,0,0,0,0,0,0,0,02,322,-1,0,0,0,0,0,0,0,0,0,0,0,0,0,0,0,0,0,0,57,128,52,0,0,0,58,049,52,0,0,0,0,0,0
4,0,0,0,0,0,0,0,0,0,-1,-1,51,59,233,52,0,0,0,25,059,51,06,044,49,06,112,49,0,0,0,0,0,0,0,0,0,51,308,52,0,0,0,17,301,50,0,0,0,0,0,0,0,0,0,0,0,0,0,0,0,02,322,-1,0,0,0,0,0,0,0,0,0,0,0,0,0,0,0,0,0,0,57,128,52,0,0,0,58,049,52,0,0,0,0,0,0
4,0,0,0,0,0,0,0,0,0,-1,-1,51,59,233,52,0,0,0,25,059,51,06,044,49,06,112,49,0,0,0,0,0,0,0,0,0,51,308,52,0,0,0,17,301,51,0,0,0,0,0,0,0,0,0,0,0,0,0,0,0,02,322,-1,0,0,0,0,0,0,0,0,0,0,0,0,0,0,0,0,0,0,57,128,52,0,0,0,58,049,52,0,0,0,0,0,0
4,0,0,0,0,0,0,0,0,0,-1,-1,51,59,233,52,0,0,0,25,059,51,06,044,49,06,112,49,0,0,0,0,0,0,0,0,0,51,308,52,0,0,0,17,301,51,0,0,0,0,0,0,0,0,0,0,0,0,0,0,0,02,322,-1,0,0,0,0,0,0,0,0,0,0,0,0,0,0,0,0,0,0,57,128,52,0,0,0,58,049,52,0,0,0,0,0,0
4,0,0,0,0,0,0,0,0,0,-1,-1,51,59,233,51,0,0,0,25,059,51,06,044,49,06,112,49,0,0,0,0,0,0,0,0,0,51,308,51,0,0,0,17,301,51,0,0,0,0,0,0,0,0,0,0,0,0,0,0,0,02,322,-1,0,0,0,0,0,0,0,0,0,0,0,0,0,0,0,0,0,0,57,128,52,0,0,0,58,049,52,0,0,0,0,0,0
4,0,0,0,0,0,0,0,0,0,-1,-1,50,59,233,51,0,0,0,25,059,51,06,044,49,06,112,49,0,0,0,0,0,0,0,0,0,51,308,51,0,0,0,17,301,51,0,0,0,0,0,0,0,0,0,0,0,0,0,0,0,02,322,-1,0,0,0,0,0,0,0,0,0,0,0,0,0,0,0,0,0,0,57,128,52,0,0,0,58,049,52,0,0,0,0,0,0
4,0,0,0,0,0,0,0,0,0,-1,-1,50,59,233,51,0,0,0,25,059,51,06,044,49,06,112,49,0,0,0,0,0,0,0,0,0,51,308,51,0,0,0,17,301,51,0,0,0,0,0,0,0,0,0,0,0,0,0,0,0,02,322,-1,0,0,0,0,0,0,0,0,0,0,0,0,0,0,0,0,0,0,57,128,52,0,0,0,58,049,51,0,0,0,0,0,0
4,0,0,0,0,0,0,0,0,0,-1,-1,51,59,233,51,0,0,0,25,059,51,06,044,49,06,112,49,0,0,0,0,0,0,0,0,0,51,308,51,0,0,0,17,301,50,0,0,0,0,0,0,0,0,0,0,0,0,0,0,0,02,322,-1,0,0,0,0,0,0,0,0,0,0,0,0,0,0,0,0,0,0,57,128,52,0,0,0,58,049,51,0,0,0,0,0,0
4,0,0,0,0,0,0,0,0,0,-1,-1,51,59,233,52,0,0,0,25,059,51,06,044,49,06,112,49,0,0,0,0,0,0,0,0,0,51,308,51,0,0,0,17,301,50,0,0,0,0,0,0,0,0,0,0,0,0,0,0,0,02,322,-1,0,0,0,0,0,0,0,0,0,0,0,0,0,0,0,0,0,0,57,128,51,0,0,0,58,049,51,0,0,0,0,0,0
4,0,0,0,0,0,0,0,0,0,-1,-1,51,59,233,52,0,0,0,25,059,51,06,044,49,06,112,49,0,0,0,0,0,0,0,0,0,51,308,51,0,0,0,17,301,51,0,0,0,0,0,0,0,0,0,0,0,0,0,0,0,02,322,-1,0,0,0,0,0,0,0,0,0,0,0,0,0,0,0,0,0,0,57,128,51,0,0,0,58,049,51,0,0,0,0,0,0
4,0,0,0,0,0,0,0,0,0,-1,-1,51,59,233,52,0,0,0,25,059,51,06,044,49,06,112,49,0,0,0,0,0,0,0,0,0,51,308,52,0,0,0,17,301,50,0,0,0,0,0,0,0,0,0,0,0,0,0,0,0,02,322,-1,0,0,0,0,0,0,0,0,0,0,0,0,0,0,0,0,0,0,57,128,51,0,0,0,58,049,51,0,0,0,0,0,0
4,0,0,0,0,0,0,0,0,0,-1,-1,51,59,233,52,0,0,0,25,059,51,06,044,49,06,112,49,0,0,0,0,0,0,0,0,0,51,308,52,0,0,0,17,301,50,0,0,0,0,0,0,0,0,0,0,0,0,0,0,0,02,322,-1,0,0,0,0,0,0,0,0,0,0,0,0,0,0,0,0,0,0,57,128,51,0,0,0,58,049,51,0,0,0,0,0,0
4,0,0,0,0,0,0,0,0,0,-1,-1,51,59,233,52,0,0,0,25,059,51,06,044,49,06,112,49,0,0,0,0,0,0,0,0,0,51,308,52,0,0,0,17,301,50,0,0,0,0,0,0,0,0,0,0,0,0,0,0,0,02,322,-1,0,0,0,0,0,0,0,0,0,0,0,0,0,0,0,0,0,0,57,128,51,0,0,0,58,049,51,0,0,0,0,0,0
4,0,0,0,0,0,0,0,0,0,-1,-1,51,59,233,51,0,0,0,25,059,51,06,044,49,06,112,49,0,0,0,0,0,0,0,0,0,51,308,51,0,0,0,17,301,50,0,0,0,0,0,0,0,0,0,0,0,0,0,0,0,02,322,-1,0,0,0,0,0,0,0,0,0,0,0,0,0,0,0,0,0,0,57,128,51,0,0,0,58,049,51,0,0,0,0,0,0
4,0,0,0,0,0,0,0,0,0,-1,-1,51,59,233,51,0,0,0,25,059,51,06,044,49,06,112,49,0,0,0,0,0,0,0,0,0,51,308,51,0,0,0,17,301,50,0,0,0,0,0,0,0,0,0,0,0,0,0,0,0,02,322,-1,0,0,0,0,0,0,0,0,0,0,0,0,0,0,0,0,0,0,57,128,51,0,0,0,58,049,51,0,0,0,0,0,0
4,0,0,0,0,0,0,0,0,0,-1,-1,51,59,233,51,0,0,0,25,059,51,06,044,49,06,112,49,0,0,0,0,0,0,0,0,0,51,308,51,0,0,0,17,301,50,0,0,0,0,0,0,0,0,0,0,0,0,0,0,0,02,322,-1,0,0,0,0,0,0,0,0,0,0,0,0,0,0,0,0,0,0,57,127,51,0,0,0,58,050,51,0,0,0,0,0,0
4,0,0,0,0,0,0,0,0,0,-1,-1,51,59,233,51,0,0,0,25,059,51,06,044,49,06,112,49,0,0,0,0,0,0,0,0,0,51,308,51,0,0,0,17,301,50,0,0,0,0,0,0,0,0,0,0,0,0,0,0,0,02,322,-1,0,0,0,0,0,0,0,0,0,0,0,0,0,0,0,0,0,0,57,127,51,0,0,0,58,050,51,0,0,0,0,0,0
4,0,0,0,0,0,0,0,0,0,-1,-1,51,59,233,51,0,0,0,25,059,51,06,044,49,06,112,49,0,0,0,0,0,0,0,0,0,51,308,51,0,0,0,17,301,50,0,0,0,0,0,0,0,0,0,0,0,0,0,0,0,02,322,-1,0,0,0,0,0,0,0,0,0,0,0,0,0,0,0,0,0,0,57,127,51,0,0,0,58,050,51,0,0,0,0,0,0
4,0,0,0,0,0,0,0,0,0,-1,-1,50,59,233,51,0,0,0,25,059,51,06,044,49,06,112,49,0,0,0,0,0,0,0,0,0,51,308,51,0,0,0,17,301,50,0,0,0,0,0,0,0,0,0,0,0,0,0,0,0,02,322,-1,0,0,0,0,0,0,0,0,0,0,0,0,0,0,0,0,0,0,57,127,51,0,0,0,58,050,51,0,0,0,0,0,0
4,0,0,0,0,0,0,0,0,0,-1,-1,50,59,233,51,0,0,0,25,059,51,06,044,49,06,112,49,0,0,0,0,0,0,0,0,0,51,308,51,0,0,0,17,301,50,0,0,0,0,0,0,0,0,0,0,0,0,0,0,0,02,322,-1,0,0,0,0,0,0,0,0,0,0,0,0,0,0,0,0,0,0,57,127,51,0,0,0,58,050,51,0,0,0,0,0,0
4,0,0,0,0,0,0,0,0,0,-1,-1,50,59,233,51,0,0,0,25,059,51,06,044,49,06,112,49,0,0,0,0,0,0,0,0,0,51,308,51,0,0,0,17,301,50,0,0,0,0,0,0,0,0,0,0,0,0,0,0,0,02,322,-1,0,0,0,0,0,0,0,0,0,0,0,0,0,0,0,0,0,0,57,127,51,0,0,0,58,050,51,0,0,0,0,0,0
4,0,0,0,0,0,0,0,0,0,-1,-1,50,59,233,51,0,0,0,25,059,51,06,044,49,06,112,49,0,0,0,0,0,0,0,0,0,51,308,51,0,0,0,17,301,50,0,0,0,0,0,0,0,0,0,0,0,0,0,0,0,02,322,-1,0,0,0,0,0,0,0,0,0,0,0,0,0,0,0,0,0,0,57,127,51,0,0,0,58,050,51,0,0,0,0,0,0
4,0,0,0,0,0,0,0,0,0,-1,-1,50,59,233,51,0,0,0,25,059,50,06,044,49,06,112,49,0,0,0,0,0,0,0,0,0,51,308,51,0,0,0,17,301,50,0,0,0,0,0,0,0,0,0,0,0,0,0,0,0,02,322,-1,0,0,0,0,0,0,0,0,0,0,0,0,0,0,0,0,0,0,57,127,51,0,0,0,58,050,51,0,0,0,0,0,0
4,0,0,0,0,0,0,0,0,0,-1,-1,50,59,233,51,0,0,0,25,059,50,06,044,49,06,112,49,0,0,0,0,0,0,0,0,0,51,308,51,0,0,0,17,301,50,0,0,0,0,0,0,0,0,0,0,0,0,0,0,0,02,322,-1,0,0,0,0,0,0,0,0,0,0,0,0,0,0,0,0,0,0,57,127,51,0,0,0,58,050,51,0,0,0,0,0,0
4,0,0,0,0,0,0,0,0,0,-1,-1,50,59,233,51,0,0,0,25,059,50,06,044,49,06,112,49,0,0,0,0,0,0,0,0,0,51,308,51,0,0,0,17,301,50,0,0,0,0,0,0,0,0,0,0,0,0,0,0,0,02,322,-1,0,0,0,0,0,0,0,0,0,0,0,0,0,0,0,0,0,0,57,127,51,0,0,0,58,050,51,0,0,0,0,0,0
4,0,0,0,0,0,0,0,0,0,-1,-1,50,59,233,51,0,0,0,25,059,50,06,044,49,06,112,49,0,0,0,0,0,0,0,0,0,51,308,51,0,0,0,17,301,50,0,0,0,0,0,0,0,0,0,0,0,0,0,0,0,02,322,-1,0,0,0,0,0,0,0,0,0,0,0,0,0,0,0,0,0,0,57,127,51,0,0,0,58,050,51,0,0,0,0,0,0
4,0,0,0,0,0,0,0,0,0,-1,-1,50,59,233,51,0,0,0,25,059,50,06,044,49,06,112,49,0,0,0,0,0,0,0,0,0,51,308,51,0,0,0,17,301,50,0,0,0,0,0,0,0,0,0,0,0,0,0,0,0,02,322,-1,0,0,0,0,0,0,0,0,0,0,0,0,0,0,0,0,0,0,57,127,51,0,0,0,58,050,51,0,0,0,0,0,0
4,0,0,0,0,0,0,0,0,0,-1,-1,50,59,233,51,0,0,0,25,059,50,06,044,49,06,112,49,0,0,0,0,0,0,0,0,0,51,308,51,0,0,0,17,301,50,0,0,0,0,0,0,0,0,0,0,0,0,0,0,0,02,322,-1,0,0,0,0,0,0,0,0,0,0,0,0,0,0,0,0,0,0,57,127,51,0,0,0,58,050,51,0,0,0,0,0,0
4,0,0,0,0,0,0,0,0,0,-1,-1,50,59,233,51,0,0,0,25,059,50,06,044,49,06,112,49,0,0,0,0,0,0,0,0,0,51,308,51,0,0,0,17,301,50,0,0,0,0,0,0,0,0,0,0,0,0,0,0,0,02,322,-1,0,0,0,0,0,0,0,0,0,0,0,0,0,0,0,0,0,0,57,127,51,0,0,0,58,050,51,0,0,0,0,0,0
4,0,0,0,0,0,0,0,0,0,-1,-1,50,59,233,51,0,0,0,25,059,50,06,044,49,06,112,49,0,0,0,0,0,0,0,0,0,51,308,51,0,0,0,17,301,50,0,0,0,0,0,0,0,0,0,0,0,0,0,0,0,02,322,-1,0,0,0,0,0,0,0,0,0,0,0,0,0,0,0,0,0,0,57,127,51,0,0,0,58,050,51,0,0,0,0,0,0
4,0,0,0,0,0,0,0,0,0,-1,-1,50,59,233,51,0,0,0,25,059,50,06,044,49,06,112,49,0,0,0,0,0,0,0,0,0,51,308,51,0,0,0,17,301,50,0,0,0,0,0,0,0,0,0,0,0,0,0,0,0,02,322,-1,0,0,0,0,0,0,0,0,0,0,0,0,0,0,0,0,0,0,57,127,51,0,0,0,58,050,51,0,0,0,0,0,0
4,0,0,0,0,0,0,0,0,0,-1,-1,50,59,233,51,0,0,0,25,059,50,06,044,49,06,112,49,0,0,0,0,0,0,0,0,0,51,308,51,0,0,0,17,301,50,0,0,0,0,0,0,0,0,0,0,0,0,0,0,0,02,322,-1,0,0,0,0,0,0,0,0,0,0,0,0,0,0,0,0,0,0,57,127,51,0,0,0,58,050,51,0,0,0,0,0,0
4,0,0,0,0,0,0,0,0,0,-1,-1,50,59,233,51,0,0,0,25,059,50,06,044,49,06,112,49,0,0,0,0,0,0,0,0,0,51,308,51,0,0,0,17,301,50,0,0,0,0,0,0,0,0,0,0,0,0,0,0,0,02,322,-1,0,0,0,0,0,0,0,0,0,0,0,0,0,0,0,0,0,0,57,127,51,0,0,0,58,050,51,0,0,0,0,0,0
4,0,0,0,0,0,0,0,0,0,-1,-1,50,59,233,51,0,0,0,25,059,50,06,044,49,06,112,49,0,0,0,0,0,0,0,0,0,51,308,51,0,0,0,17,301,50,0,0,0,0,0,0,0,0,0,0,0,0,0,0,0,02,322,-1,0,0,0,0,0,0,0,0,0,0,0,0,0,0,0,0,0,0,57,127,51,0,0,0,58,050,51,0,0,0,0,0,0
4,0,0,0,0,0,0,0,0,0,-1,-1,50,59,233,51,0,0,0,25,059,50,06,044,49,06,112,49,0,0,0,0,0,0,0,0,0,51,308,51,0,0,0,17,301,50,0,0,0,0,0,0,0,0,0,0,0,0,0,0,0,02,322,-1,0,0,0,0,0,0,0,0,0,0,0,0,0,0,0,0,0,0,57,127,51,0,0,0,58,050,51,0,0,0,0,0,0
4,0,0,0,0,0,0,0,0,0,-1,-1,50,59,233,51,0,0,0,25,059,50,06,044,49,06,112,49,0,0,0,0,0,0,0,0,0,51,308,51,0,0,0,17,301,50,0,0,0,0,0,0,0,0,0,0,0,0,0,0,0,02,322,-1,0,0,0,0,0,0,0,0,0,0,0,0,0,0,0,0,0,0,57,127,51,0,0,0,58,050,52,0,0,0,0,0,0
4,0,0,0,0,0,0,0,0,0,-1,-1,50,59,233,51,0,0,0,25,059,50,06,044,49,06,112,49,0,0,0,0,0,0,0,0,0,51,308,51,0,0,0,17,301,50,0,0,0,0,0,0,0,0,0,0,0,0,0,0,0,02,322,-1,0,0,0,0,0,0,0,0,0,0,0,0,0,0,0,0,0,0,57,127,51,0,0,0,58,050,52,0,0,0,0,0,0
4,0,0,0,0,0,0,0,0,0,-1,-1,50,59,233,51,0,0,0,25,059,51,06,044,49,06,112,49,0,0,0,0,0,0,0,0,0,51,308,51,0,0,0,17,301,50,0,0,0,0,0,0,0,0,0,0,0,0,0,0,0,02,322,-1,0,0,0,0,0,0,0,0,0,0,0,0,0,0,0,0,0,0,57,127,51,0,0,0,58,050,52,0,0,0,0,0,0
4,0,0,0,0,0,0,0,0,0,-1,-1,50,59,233,51,0,0,0,25,059,51,06,044,49,06,112,49,0,0,0,0,0,0,0,0,0,51,308,51,0,0,0,17,301,50,0,0,0,0,0,0,0,0,0,0,0,0,0,0,0,02,322,-1,0,0,0,0,0,0,0,0,0,0,0,0,0,0,0,0,0,0,57,127,51,0,0,0,58,050,51,0,0,0,0,0,0
4,0,0,0,0,0,0,0,0,0,-1,-1,50,58,233,51,0,0,0,25,059,51,06,044,49,06,112,49,0,0,0,0,0,0,0,0,0,51,308,51,0,0,0,17,301,50,0,0,0,0,0,0,0,0,0,0,0,0,0,0,0,02,322,-1,0,0,0,0,0,0,0,0,0,0,0,0,0,0,0,0,0,0,57,127,51,0,0,0,58,050,51,0,0,0,0,0,0
4,0,0,0,0,0,0,0,0,0,-1,-1,50,58,233,51,0,0,0,25,059,51,06,044,49,06,112,49,0,0,0,0,0,0,0,0,0,51,308,51,0,0,0,17,301,50,0,0,0,0,0,0,0,0,0,0,0,0,0,0,0,02,322,-1,0,0,0,0,0,0,0,0,0,0,0,0,0,0,0,0,0,0,57,127,51,0,0,0,58,050,51,0,0,0,0,0,0
4,0,0,0,0,0,0,0,0,0,-1,-1,50,58,233,51,0,0,0,25,059,51,06,044,49,06,112,49,0,0,0,0,0,0,0,0,0,51,308,51,0,0,0,17,301,50,0,0,0,0,0,0,0,0,0,0,0,0,0,0,0,02,322,-1,0,0,0,0,0,0,0,0,0,0,0,0,0,0,0,0,0,0,57,127,51,0,0,0,58,050,51,0,0,0,0,0,0
4,0,0,0,0,0,0,0,0,0,-1,-1,50,58,233,51,0,0,0,25,059,51,06,044,49,06,112,49,0,0,0,0,0,0,0,0,0,51,308,51,0,0,0,17,301,50,0,0,0,0,0,0,0,0,0,0,0,0,0,0,0,02,322,-1,0,0,0,0,0,0,0,0,0,0,0,0,0,0,0,0,0,0,57,127,51,0,0,0,58,050,51,0,0,0,0,0,0
4,0,0,0,0,0,0,0,0,0,-1,-1,50,58,233,51,0,0,0,25,059,51,06,044,49,06,112,49,0,0,0,0,0,0,0,0,0,51,308,51,0,0,0,17,301,50,0,0,0,0,0,0,0,0,0,0,0,0,0,0,0,02,322,-1,0,0,0,0,0,0,0,0,0,0,0,0,0,0,0,0,0,0,57,127,51,0,0,0,58,050,51,0,0,0,0,0,0
4,0,0,0,0,0,0,0,0,0,-1,-1,50,58,233,51,0,0,0,25,059,51,06,044,49,06,112,49,0,0,0,0,0,0,0,0,0,51,308,51,0,0,0,17,301,50,0,0,0,0,0,0,0,0,0,0,0,0,0,0,0,02,322,-1,0,0,0,0,0,0,0,0,0,0,0,0,0,0,0,0,0,0,57,127,51,0,0,0,58,050,51,0,0,0,0,0,0
4,0,0,0,0,0,0,0,0,0,-1,-1,50,58,233,52,0,0,0,25,059,51,06,044,49,06,112,50,0,0,0,0,0,0,0,0,0,51,308,51,0,0,0,17,301,50,0,0,0,0,0,0,0,0,0,0,0,0,0,0,0,02,322,-1,0,0,0,0,0,0,0,0,0,0,0,0,0,0,0,0,0,0,57,127,51,0,0,0,58,050,51,0,0,0,0,0,0
4,0,0,0,0,0,0,0,0,0,-1,-1,50,58,233,52,0,0,0,25,059,51,06,044,49,06,112,50,0,0,0,0,0,0,0,0,0,51,308,51,0,0,0,17,301,50,0,0,0,0,0,0,0,0,0,0,0,0,0,0,0,02,322,-1,0,0,0,0,0,0,0,0,0,0,0,0,0,0,0,0,0,0,57,127,51,0,0,0,58,050,51,0,0,0,0,0,0
4,0,0,0,0,0,0,0,0,0,-1,-1,50,58,233,51,0,0,0,25,059,51,06,044,50,06,112,50,0,0,0,0,0,0,0,0,0,51,308,51,0,0,0,17,301,50,0,0,0,0,0,0,0,0,0,0,0,0,0,0,0,02,322,-1,0,0,0,0,0,0,0,0,0,0,0,0,0,0,0,0,0,0,57,127,51,0,0,0,58,050,51,0,0,0,0,0,0
4,0,0,0,0,0,0,0,0,0,-1,-1,50,58,233,51,0,0,0,25,059,51,06,044,50,06,112,50,0,0,0,0,0,0,0,0,0,51,308,51,0,0,0,17,301,50,0,0,0,0,0,0,0,0,0,0,0,0,0,0,0,02,322,-1,0,0,0,0,0,0,0,0,0,0,0,0,0,0,0,0,0,0,57,127,51,0,0,0,58,050,51,0,0,0,0,0,0
4,0,0,0,0,0,0,0,0,0,-1,-1,50,58,233,51,0,0,0,25,059,51,06,044,49,06,112,50,0,0,0,0,0,0,0,0,0,51,308,51,0,0,0,17,301,50,0,0,0,0,0,0,0,0,0,0,0,0,0,0,0,02,322,-1,0,0,0,0,0,0,0,0,0,0,0,0,0,0,0,0,0,0,57,127,51,0,0,0,58,050,51,0,0,0,0,0,0
4,0,0,0,0,0,0,0,0,0,-1,-1,50,58,233,51,0,0,0,25,059,51,06,044,49,06,112,50,0,0,0,0,0,0,0,0,0,51,308,51,0,0,0,17,301,50,0,0,0,0,0,0,0,0,0,0,0,0,0,0,0,02,322,-1,0,0,0,0,0,0,0,0,0,0,0,0,0,0,0,0,0,0,57,127,51,0,0,0,58,050,51,0,0,0,0,0,0
4,0,0,0,0,0,0,0,0,0,-1,-1,50,58,233,51,0,0,0,25,059,51,06,044,49,06,112,50,0,0,0,0,0,0,0,0,0,51,308,51,0,0,0,17,301,50,0,0,0,0,0,0,0,0,0,0,0,0,0,0,0,02,322,-1,0,0,0,0,0,0,0,0,0,0,0,0,0,0,0,0,0,0,57,127,51,0,0,0,58,050,51,0,0,0,0,0,0
4,0,0,0,0,0,0,0,0,0,-1,-1,50,58,233,51,0,0,0,25,059,51,06,044,49,06,112,50,0,0,0,0,0,0,0,0,0,51,308,51,0,0,0,18,301,50,0,0,0,0,0,0,0,0,0,0,0,0,0,0,0,02,322,-1,0,0,0,0,0,0,0,0,0,0,0,0,0,0,0,0,0,0,57,127,51,0,0,0,58,050,51,0,0,0,0,0,0
4,0,0,0,0,0,0,0,0,0,-1,-1,51,58,233,52,0,0,0,25,059,51,06,044,49,06,112,49,0,0,0,0,0,0,0,0,0,51,308,51,0,0,0,18,301,50,0,0,0,0,0,0,0,0,0,0,0,0,0,0,0,02,322,-1,0,0,0,0,0,0,0,0,0,0,0,0,0,0,0,0,0,0,57,127,51,0,0,0,58,050,51,0,0,0,0,0,0
4,0,0,0,0,0,0,0,0,0,-1,-1,51,58,233,52,0,0,0,25,059,51,06,044,49,06,112,49,0,0,0,0,0,0,0,0,0,51,308,51,0,0,0,18,301,51,0,0,0,0,0,0,0,0,0,0,0,0,0,0,0,02,322,-1,0,0,0,0,0,0,0,0,0,0,0,0,0,0,0,0,0,0,57,127,51,0,0,0,58,050,51,0,0,0,0,0,0
4,0,0,0,0,0,0,0,0,0,-1,-1,51,58,232,52,0,0,0,25,059,51,06,044,49,06,112,49,0,0,0,0,0,0,0,0,0,51,308,52,0,0,0,18,301,50,0,0,0,0,0,0,0,0,0,0,0,0,0,0,0,02,322,-1,0,0,0,0,0,0,0,0,0,0,0,0,0,0,0,0,0,0,57,127,51,0,0,0,58,050,51,0,0,0,0,0,0
4,0,0,0,0,0,0,0,0,0,-1,-1,51,58,232,52,0,0,0,25,059,51,06,044,49,06,112,49,0,0,0,0,0,0,0,0,0,51,308,51,0,0,0,18,301,50,0,0,0,0,0,0,0,0,0,0,0,0,0,0,0,02,322,-1,0,0,0,0,0,0,0,0,0,0,0,0,0,0,0,0,0,0,57,127,51,0,0,0,58,050,51,0,0,0,0,0,0
4,0,0,0,0,0,0,0,0,0,-1,-1,51,58,232,52,0,0,0,25,059,51,06,044,49,06,112,49,0,0,0,0,0,0,0,0,0,51,308,52,0,0,0,18,301,50,0,0,0,0,0,0,0,0,0,0,0,0,0,0,0,02,322,-1,0,0,0,0,0,0,0,0,0,0,0,0,0,0,0,0,0,0,57,127,51,0,0,0,58,050,51,0,0,0,0,0,0
4,0,0,0,0,0,0,0,0,0,-1,-1,51,58,232,52,0,0,0,25,059,51,06,044,49,06,112,49,0,0,0,0,0,0,0,0,0,51,308,52,0,0,0,18,301,50,0,0,0,0,0,0,0,0,0,0,0,0,0,0,0,02,322,-1,0,0,0,0,0,0,0,0,0,0,0,0,0,0,0,0,0,0,57,127,52,0,0,0,58,050,51,0,0,0,0,0,0
4,0,0,0,0,0,0,0,0,0,-1,-1,51,58,232,52,0,0,0,25,059,51,06,044,49,06,112,49,0,0,0,0,0,0,0,0,0,51,308,52,0,0,0,18,301,50,0,0,0,0,0,0,0,0,0,0,0,0,0,0,0,02,322,-1,0,0,0,0,0,0,0,0,0,0,0,0,0,0,0,0,0,0,57,127,52,0,0,0,58,050,51,0,0,0,0,0,0
4,0,0,0,0,0,0,0,0,0,-1,-1,51,58,232,52,0,0,0,25,059,51,06,044,49,06,113,49,0,0,0,0,0,0,0,0,0,51,308,51,0,0,0,18,301,50,0,0,0,0,0,0,0,0,0,0,0,0,0,0,0,02,322,-1,0,0,0,0,0,0,0,0,0,0,0,0,0,0,0,0,0,0,57,127,52,0,0,0,58,050,52,0,0,0,0,0,0
4,0,0,0,0,0,0,0,0,0,-1,-1,51,58,232,52,0,0,0,25,059,51,06,044,49,06,113,49,0,0,0,0,0,0,0,0,0,51,308,51,0,0,0,18,301,50,0,0,0,0,0,0,0,0,0,0,0,0,0,0,0,02,322,-1,0,0,0,0,0,0,0,0,0,0,0,0,0,0,0,0,0,0,57,127,52,0,0,0,58,050,52,0,0,0,0,0,0
4,0,0,0,0,0,0,0,0,0,-1,-1,51,58,232,51,0,0,0,25,059,51,06,044,49,06,113,49,0,0,0,0,0,0,0,0,0,51,308,51,0,0,0,18,301,50,0,0,0,0,0,0,0,0,0,0,0,0,0,0,0,02,322,-1,0,0,0,0,0,0,0,0,0,0,0,0,0,0,0,0,0,0,57,127,51,0,0,0,58,050,52,0,0,0,0,0,0
4,0,0,0,0,0,0,0,0,0,-1,-1,51,58,232,51,0,0,0,25,059,51,06,044,49,06,113,49,0,0,0,0,0,0,0,0,0,51,308,51,0,0,0,18,301,50,0,0,0,0,0,0,0,0,0,0,0,0,0,0,0,02,322,-1,0,0,0,0,0,0,0,0,0,0,0,0,0,0,0,0,0,0,57,127,51,0,0,0,58,050,52,0,0,0,0,0,0
4,0,0,0,0,0,0,0,0,0,-1,-1,51,58,232,51,0,0,0,25,059,51,06,044,49,06,113,49,0,0,0,0,0,0,0,0,0,51,308,51,0,0,0,18,301,50,0,0,0,0,0,0,0,0,0,0,0,0,0,0,0,02,322,-1,0,0,0,0,0,0,0,0,0,0,0,0,0,0,0,0,0,0,57,127,51,0,0,0,58,050,52,0,0,0,0,0,0
4,0,0,0,0,0,0,0,0,0,-1,-1,50,58,232,51,0,0,0,25,059,51,06,044,49,06,113,49,0,0,0,0,0,0,0,0,0,51,308,51,0,0,0,18,301,50,0,0,0,0,0,0,0,0,0,0,0,0,0,0,0,02,322,-1,0,0,0,0,0,0,0,0,0,0,0,0,0,0,0,0,0,0,57,127,51,0,0,0,58,050,51,0,0,0,0,0,0
4,0,0,0,0,0,0,0,0,0,-1,-1,50,58,232,51,0,0,0,24,059,51,06,044,49,06,113,49,0,0,0,0,0,0,0,0,0,51,308,51,0,0,0,18,301,50,0,0,0,0,0,0,0,0,0,0,0,0,0,0,0,02,322,-1,0,0,0,0,0,0,0,0,0,0,0,0,0,0,0,0,0,0,57,127,51,0,0,0,58,050,51,0,0,0,0,0,0
4,0,0,0,0,0,0,0,0,0,-1,-1,50,58,232,51,0,0,0,24,059,51,06,044,49,06,113,49,0,0,0,0,0,0,0,0,0,51,308,51,0,0,0,18,301,50,0,0,0,0,0,0,0,0,0,0,0,0,0,0,0,02,322,-1,0,0,0,0,0,0,0,0,0,0,0,0,0,0,0,0,0,0,57,127,51,0,0,0,58,050,51,0,0,0,0,0,0
4,0,0,0,0,0,0,0,0,0,-1,-1,50,58,232,51,0,0,0,24,059,51,06,044,49,06,113,49,0,0,0,0,0,0,0,0,0,51,308,51,0,0,0,18,301,50,0,0,0,0,0,0,0,0,0,0,0,0,0,0,0,02,322,-1,0,0,0,0,0,0,0,0,0,0,0,0,0,0,0,0,0,0,57,127,51,0,0,0,58,050,51,0,0,0,0,0,0
4,0,0,0,0,0,0,0,0,0,-1,-1,50,58,232,51,0,0,0,24,059,50,06,044,49,06,113,49,0,0,0,0,0,0,0,0,0,51,308,51,0,0,0,18,301,50,0,0,0,0,0,0,0,0,0,0,0,0,0,0,0,02,322,-1,0,0,0,0,0,0,0,0,0,0,0,0,0,0,0,0,0,0,57,127,51,0,0,0,58,050,51,0,0,0,0,0,0
4,0,0,0,0,0,0,0,0,0,-1,-1,50,58,232,51,0,0,0,24,059,51,06,044,49,06,113,49,0,0,0,0,0,0,0,0,0,51,308,51,0,0,0,18,301,50,0,0,0,0,0,0,0,0,0,0,0,0,0,0,0,02,322,-1,0,0,0,0,0,0,0,0,0,0,0,0,0,0,0,0,0,0,57,127,51,0,0,0,58,050,51,0,0,0,0,0,0
4,0,0,0,0,0,0,0,0,0,-1,-1,50,58,232,51,0,0,0,24,059,51,06,044,49,06,113,49,0,0,0,0,0,0,0,0,0,51,308,51,0,0,0,18,301,50,0,0,0,0,0,0,0,0,0,0,0,0,0,0,0,02,322,-1,0,0,0,0,0,0,0,0,0,0,0,0,0,0,0,0,0,0,57,127,51,0,0,0,58,050,51,0,0,0,0,0,0
4,0,0,0,0,0,0,0,0,0,-1,-1,50,58,232,51,0,0,0,24,059,51,06,044,49,06,113,49,0,0,0,0,0,0,0,0,0,51,308,51,0,0,0,18,301,50,0,0,0,0,0,0,0,0,0,0,0,0,0,0,0,02,322,-1,0,0,0,0,0,0,0,0,0,0,0,0,0,0,0,0,0,0,57,127,51,0,0,0,58,050,51,0,0,0,0,0,0
4,0,0,0,0,0,0,0,0,0,-1,-1,50,58,232,51,0,0,0,24,059,51,06,044,49,06,113,49,0,0,0,0,0,0,0,0,0,51,308,51,0,0,0,18,301,50,0,0,0,0,0,0,0,0,0,0,0,0,0,0,0,02,321,-1,0,0,0,0,0,0,0,0,0,0,0,0,0,0,0,0,0,0,57,127,51,0,0,0,58,050,51,0,0,0,0,0,0
4,0,0,0,0,0,0,0,0,0,-1,-1,50,58,232,51,0,0,0,24,059,51,06,044,49,06,113,49,0,0,0,0,0,0,0,0,0,51,308,51,0,0,0,18,301,50,0,0,0,0,0,0,0,0,0,0,0,0,0,0,0,02,321,-1,0,0,0,0,0,0,0,0,0,0,0,0,0,0,0,0,0,0,57,127,51,0,0,0,58,050,51,0,0,0,0,0,0
4,0,0,0,0,0,0,0,0,0,-1,-1,50,58,232,51,0,0,0,24,059,50,06,044,49,06,113,49,0,0,0,0,0,0,0,0,0,51,308,51,0,0,0,18,301,50,0,0,0,0,0,0,0,0,0,0,0,0,0,0,0,02,321,-1,0,0,0,0,0,0,0,0,0,0,0,0,0,0,0,0,0,0,57,127,51,0,0,0,58,050,51,0,0,0,0,0,0
4,0,0,0,0,0,0,0,0,0,-1,-1,50,58,232,51,0,0,0,24,059,50,06,044,49,06,113,49,0,0,0,0,0,0,0,0,0,51,308,51,0,0,0,18,301,50,0,0,0,0,0,0,0,0,0,0,0,0,0,0,0,02,321,-1,0,0,0,0,0,0,0,0,0,0,0,0,0,0,0,0,0,0,57,127,51,0,0,0,58,050,51,0,0,0,0,0,0
4,0,0,0,0,0,0,0,0,0,-1,-1,50,58,232,51,0,0,0,24,059,50,06,044,49,06,113,49,0,0,0,0,0,0,0,0,0,51,308,51,0,0,0,18,301,50,0,0,0,0,0,0,0,0,0,0,0,0,0,0,0,02,321,-1,0,0,0,0,0,0,0,0,0,0,0,0,0,0,0,0,0,0,57,127,51,0,0,0,58,050,51,0,0,0,0,0,0
4,0,0,0,0,0,0,0,0,0,-1,-1,50,58,232,51,0,0,0,24,059,50,06,044,49,06,113,49,0,0,0,0,0,0,0,0,0,51,308,51,0,0,0,18,301,50,0,0,0,0,0,0,0,0,0,0,0,0,0,0,0,02,321,-1,0,0,0,0,0,0,0,0,0,0,0,0,0,0,0,0,0,0,57,127,51,0,0,0,58,050,51,0,0,0,0,0,0
4,0,0,0,0,0,0,0,0,0,-1,-1,50,58,232,51,0,0,0,24,059,50,06,044,49,06,113,49,0,0,0,0,0,0,0,0,0,51,308,51,0,0,0,18,301,50,0,0,0,0,0,0,0,0,0,0,0,0,0,0,0,02,321,-1,0,0,0,0,0,0,0,0,0,0,0,0,0,0,0,0,0,0,57,127,51,0,0,0,58,050,51,0,0,0,0,0,0
4,0,0,0,0,0,0,0,0,0,-1,-1,49,58,232,50,0,0,0,24,059,50,06,044,48,06,113,48,0,0,0,0,0,0,0,0,0,51,308,50,0,0,0,18,301,49,0,0,0,0,0,0,0,0,0,0,0,0,0,0,0,02,321,-1,0,0,0,0,0,0,0,0,0,0,0,0,0,0,0,0,0,0,57,127,50,0,0,0,58,050,50,0,0,0,0,0,0
