spoofed,time_sin,time_cos,lat_sin,lat_cos,long_sin,long_cos,n_satellites,sv_prn_1,sv_prn_2,sv_prn_3,sv_prn_4,sv_prn_5,sv_prn_6,sv_prn_7,sv_prn_8,sv_prn_9,sv_prn_10,sv_prn_11,sv_prn_12,sv_prn_13,sv_prn_14,sv_prn_15,sv_prn_16,sv_prn_17,sv_prn_18,sv_prn_19,sv_prn_20,sv_prn_21,sv_prn_22,sv_prn_23,sv_prn_24,sv_prn_25,sv_prn_26,sv_prn_27,sv_prn_28,sv_prn_29,sv_prn_30,sv_prn_31,sv_prn_32
1,0.1404692392259922,0.9900850432317776,-0.9942778199021404,-0.10682516955590048,-0.21831450502429858,-0.9758784642034045,8,0,0,1,1,0,1,1,0,1,0,0,0,0,0,0,0,0,0,0,0,0,1,0,0,0,1,0,0,0,1,1,0
1,0.14054123987065625,0.990074825402413,-0.9942777658950847,-0.1068256722266667,-0.21831453823726815,-0.9758784567733055,13,0,1,1,1,0,1,1,0,1,0,0,0,0,0,0,1,1,0,1,0,0,1,1,0,0,1,0,0,0,1,1,0
1,0.1406132397720684,0.9900646023370409,-0.9942777612339343,-0.10682571561022006,-0.2183141476300175,-0.9758785441562792,12,0,1,1,1,0,1,1,0,1,0,0,0,0,0,0,1,0,0,1,0,0,1,1,0,0,1,0,0,0,1,1,0
1,0.1406852389298479,0.9900543740357151,-0.9942776936781181,-0.10682634438247109,-0.2183139066230546,-0.9758785980720042,12,0,1,1,1,0,1,1,0,1,0,0,0,0,0,0,1,0,0,1,0,0,1,1,0,0,1,0,0,0,1,1,0
0,0.14075723734361398,0.9900441404984899,-0.9942776008270648,-0.1068272085827194,-0.21831348649310037,-0.9758786920592266,12,0,1,1,1,0,1,1,0,1,0,0,0,0,0,0,1,0,0,1,0,0,1,1,0,0,1,0,0,0,1,1,0
0,0.1408292350129858,0.9900339017254193,-0.9942775458245808,-0.10682772050853032,-0.21831285800132214,-0.9758788326586936,12,0,1,1,1,0,1,1,0,1,0,0,0,0,0,0,1,0,0,1,0,0,1,1,0,0,1,0,0,0,1,1,0
0,0.14090123193758267,0.9900236577165575,-0.9942774875278748,-0.10682826309201451,-0.21831275126558225,-0.9758788565364309,12,0,1,1,1,0,1,1,0,1,0,0,0,0,0,0,1,0,0,1,0,0,1,1,0,0,1,0,0,0,1,1,0
1,0.14097322811702379,0.9900134084719588,-0.9942774374347333,-0.10682872932044125,-0.21831269420737964,-0.975878869300855,12,0,1,1,1,0,1,1,0,1,0,0,0,0,0,0,1,0,0,1,0,0,1,1,0,0,1,0,0,0,1,1,0
1,0.14104522355092847,0.9900031539916773,-0.9942773777701602,-0.1068292846297029,-0.21831272032357224,-0.9758788634584323,12,0,1,1,1,0,1,1,0,1,0,0,0,0,0,0,1,0,0,1,0,0,1,1,0,0,1,0,0,0,1,1,0
0,0.14111721823891593,0.9899928942757671,-0.9942773777701602,-0.1068292846297029,-0.21831272032357224,-0.9758788634584323,12,0,1,1,1,0,1,1,0,1,0,0,0,0,0,0,1,0,0,1,0,0,1,1,0,0,1,0,0,0,1,1,0
0,0.14118921218060537,0.9899826293242826,-0.9942773777701602,-0.1068292846297029,-0.21831272032357224,-0.9758788634584323,12,0,1,1,1,0,1,1,0,1,0,0,0,0,0,0,1,0,0,1,0,0,1,1,0,0,1,0,0,0,1,1,0
1,0.14126120537561615,0.9899723591372781,-0.9942772608018368,-0.10683037326713925,-0.21831269505899462,-0.9758788691103412,12,0,1,1,1,0,1,1,0,1,0,0,0,0,0,0,1,0,0,1,0,0,1,1,0,0,1,0,0,0,1,1,0
1,0.14133319782356749,0.9899620837148079,-0.9942771910056115,-0.10683102286316794,-0.21831270300740124,-0.9758788673322126,12,0,1,1,1,0,1,1,0,1,0,0,0,0,0,0,1,0,0,1,0,0,1,1,0,0,1,0,0,0,1,1,0
1,0.14140518952407863,0.9899518030569263,-0.9942771373063569,-0.10683152264138132,-0.2183126462330701,-0.9758788800331291,12,0,1,1,1,0,1,1,0,1,0,0,0,0,0,0,1,0,0,1,0,0,1,1,0,0,1,0,0,0,1,1,0
1,0.1414771804767689,0.9899415171636877,-0.9942771235707433,-0.1068316504781653,-0.21831270187191462,-0.975878867586231,12,0,1,1,1,0,1,1,0,1,0,0,0,0,0,0,1,0,0,1,0,0,1,1,0,0,1,0,0,0,1,1,0
1,0.14154917068125755,0.9899312260351465,-0.9942770619778124,-0.10683222371910753,-0.21831267149764672,-0.9758788743812219,12,0,1,1,1,0,1,1,0,1,0,0,0,0,0,0,1,0,0,1,0,0,1,1,0,0,1,0,0,0,1,1,0
0,0.1416211601371638,0.989920929671357,-0.9942770279803619,-0.10683254012958149,-0.2183127251493907,-0.9758788623788541,12,0,1,1,1,0,1,1,0,1,0,0,0,0,0,0,1,0,0,1,0,0,1,1,0,0,1,0,0,0,1,1,0
1,0.14169314884410703,0.9899106280723738,-0.9942769742181915,-0.10683304048616069,-0.21831292925310478,-0.9758788167190273,12,0,1,1,1,0,1,1,0,1,0,0,0,0,0,0,1,0,0,1,0,0,1,1,0,0,1,0,0,0,1,1,0
0,0.14176513680170644,0.9899003212382514,-0.9942769036122305,-0.1068336976018111,-0.2183130376920705,-0.9758787924602422,12,0,1,1,1,0,1,1,0,1,0,0,0,0,0,0,1,0,0,1,0,0,1,1,0,0,1,0,0,0,1,1,0
0,0.14183712400958143,0.9898900091690443,-0.9942768441313437,-0.10683425117543419,-0.21831311178256602,-0.9758787758855159,12,0,1,1,1,0,1,1,0,1,0,0,0,0,0,0,1,0,0,1,0,0,1,1,0,0,1,0,0,0,1,1,0
0,0.14190911046735122,0.989879691864807,-0.9942767908033897,-0.10683474748279433,-0.21831320659568876,-0.9758787546749381,12,0,1,1,1,0,1,1,0,1,0,0,0,0,0,0,1,0,0,1,0,0,1,1,0,0,1,0,0,0,1,1,0
0,0.14198109617463509,0.9898693693255939,-0.9942767443121511,-0.10683518016098117,-0.21831333802824837,-0.9758787252722357,12,0,1,1,1,0,1,1,0,1,0,0,0,0,0,0,1,0,0,1,0,0,1,1,0,0,1,0,0,0,1,1,0
1,0.1420530811310524,0.9898590415514598,-0.9942767004933647,-0.10683558796593956,-0.21831343624782584,-0.9758787032995784,11,0,1,1,0,0,1,1,0,1,0,0,0,0,0,0,1,0,0,1,0,0,1,1,0,0,1,0,0,0,1,1,0
1,0.14212506533622243,0.9898487085424593,-0.9942767118054645,-0.1068354826886334,-0.218313469460804,-0.9758786958695156,11,0,1,1,0,0,1,1,0,1,0,0,0,0,0,0,1,0,0,1,0,0,1,1,0,0,1,0,0,0,1,1,0
1,0.1421970487897645,0.989838370298647,-0.9942766911080426,-0.10683567531139539,-0.21831353106094242,-0.975878682088969,11,0,1,1,0,0,1,1,0,1,0,0,0,0,0,0,1,0,0,1,0,0,1,1,0,0,1,0,0,0,1,1,0
0,0.14226903149129794,0.9898280268200775,-0.9942766558664002,-0.10683600329068794,-0.21831358357718816,-0.9758786703405737,11,0,1,1,0,0,1,1,0,1,0,0,0,0,0,0,1,0,0,1,0,0,1,1,0,0,1,0,0,0,1,1,0
0,0.14234101344044203,0.9898176781068057,-0.9942766059560941,-0.10683646778338382,-0.21831364915152632,-0.9758786556709519,11,0,1,1,0,0,1,1,0,1,0,0,0,0,0,0,1,0,0,1,0,0,1,1,0,0,1,0,0,0,1,1,0
1,0.1424129946368161,0.9898073241588861,-0.9942765513839292,-0.10683697565955694,-0.2183137215387828,-0.9758786394772081,11,0,1,1,0,0,1,1,0,1,0,0,0,0,0,0,1,0,0,1,0,0,1,1,0,0,1,0,0,0,1,1,0
1,0.14248497508003952,0.9897969649763736,-0.9942765058862085,-0.1068373990824947,-0.21831378796473408,-0.9758786246170623,11,0,1,1,0,0,1,1,0,1,0,0,0,0,0,0,1,0,0,1,0,0,1,1,0,0,1,0,0,0,1,1,0
0,0.1425569547697316,0.989786600559323,-0.9942764598910618,-0.10683782713298577,-0.21831382401642488,-0.9758786165519385,12,0,1,1,1,0,1,1,0,1,0,0,0,0,0,0,1,0,0,1,0,0,1,1,0,0,1,0,0,0,1,1,0
0,0.14262893370551166,0.989776230907789,-0.9942764143308225,-0.10683825113433203,-0.21831381550027756,-0.975878618457086,12,0,1,1,1,0,1,1,0,1,0,0,0,0,0,0,1,0,0,1,0,0,1,1,0,0,1,0,0,0,1,1,0
1,0.14270091188699904,0.9897658560218264,-0.994276361933216,-0.10683873876477794,-0.21831385410681275,-0.9758786098204167,12,0,1,1,1,0,1,1,0,1,0,0,0,0,0,0,1,0,0,1,0,0,1,1,0,0,1,0,0,0,1,1,0
1,0.1427728893138131,0.9897554759014904,-0.9942763148808318,-0.10683917664879754,-0.2183139176940463,-0.9758785955953113,12,0,1,1,1,0,1,1,0,1,0,0,0,0,0,0,1,0,0,1,0,0,1,1,0,0,1,0,0,0,1,1,0
1,0.1428448659855732,0.9897450905468356,-0.9942762783949005,-0.1068395161968938,-0.21831395090702077,-0.9758785881652322,12,0,1,1,1,0,1,1,0,1,0,0,0,0,0,0,1,0,0,1,0,0,1,1,0,0,1,0,0,0,1,1,0
0,0.14291684190189866,0.9897346999579169,-0.9942762104574143,-0.1068401484388875,-0.21831389583593488,-0.9758786004851918,11,0,1,1,0,0,1,1,0,1,0,0,0,0,0,0,1,0,0,1,0,0,1,1,0,0,1,0,0,0,1,1,0
0,0.14298881706240885,0.9897243041347893,-0.9942761520296115,-0.10684069217853666,-0.2183139290489091,-0.9758785930551135,11,0,1,1,0,0,1,1,0,1,0,0,0,0,0,0,1,0,0,1,0,0,1,1,0,0,1,0,0,0,1,1,0
0,0.14306079146672313,0.989713903077508,-0.9942760821644869,-0.10684134235228644,-0.21831403181041917,-0.9758785700663168,11,0,1,1,0,0,1,1,0,1,0,0,0,0,0,0,1,0,0,1,0,0,1,1,0,0,1,0,0,0,1,1,0
0,0.14313276511446088,0.9897034967861277,-0.9942760265953031,-0.10684185948333244,-0.21831407212018136,-0.9758785610486093,11,0,1,1,0,0,1,1,0,1,0,0,0,0,0,0,1,0,0,1,0,0,1,1,0,0,1,0,0,0,1,1,0
0,0.1432047380052414,0.9896930852607035,-0.994275982960252,-0.10684226555265754,-0.21831408744924516,-0.97587855761934,11,0,1,1,0,0,1,1,0,1,0,0,0,0,0,0,1,0,0,1,0,0,1,1,0,0,1,0,0,0,1,1,0
0,0.14327671013868415,0.9896826685012906,-0.9942759565429397,-0.10684251139234083,-0.21831426174638346,-0.975878518627258,11,0,1,1,0,0,1,1,0,1,0,0,0,0,0,0,1,0,0,1,0,0,1,1,0,0,1,0,0,0,1,1,0
0,0.14334868151440847,0.989672246507944,-0.9942759409411572,-0.10684265658236149,-0.21831436252078448,-0.975878496082962,11,0,1,1,0,0,1,1,0,1,0,0,0,0,0,0,1,0,0,1,0,0,1,1,0,0,1,0,0,0,1,1,0
1,0.14342065213203373,0.9896618192807188,-0.9942758804607406,-0.10684321941058855,-0.21831432760458386,-0.9758785038940854,12,0,1,1,1,0,1,1,0,1,0,0,0,0,0,0,1,0,0,1,0,0,1,1,0,0,1,0,0,0,1,1,0
0,0.14349262199117932,0.9896513868196702,-0.9942758532351251,-0.1068434727700475,-0.21831448770813464,-0.9758784680772165,12,0,1,1,1,0,1,1,0,1,0,0,0,0,0,0,1,0,0,1,0,0,1,1,0,0,1,0,0,0,1,1,0
0,0.1435645910914646,0.9896409491248533,-0.9942758145721541,-0.10684383256360433,-0.21831455697278998,-0.975878452581967,12,0,1,1,1,0,1,1,0,1,0,0,0,0,0,0,1,0,0,1,0,0,1,1,0,0,1,0,0,0,1,1,0
1,0.143636559432509,0.9896305061963234,-0.994275779638618,-0.10684415765037504,-0.21831463305036078,-0.9758784355625891,12,0,1,1,1,0,1,1,0,1,0,0,0,0,0,0,1,0,0,1,0,0,1,1,0,0,1,0,0,0,1,1,0
0,0.14370852701393194,0.9896200580341357,-0.99427573015962,-0.10684461809354022,-0.21831476107641876,-0.975878406921757,12,0,1,1,1,0,1,1,0,1,0,0,0,0,0,0,1,0,0,1,0,0,1,1,0,0,1,0,0,0,1,1,0
1,0.14378049383535277,0.9896096046383454,-0.9942756708591332,-0.10684516993117071,-0.21831493594127274,-0.9758783678025443,12,0,1,1,1,0,1,1,0,1,0,0,0,0,0,0,1,0,0,1,0,0,1,1,0,0,1,0,0,0,1,1,0
1,0.1438524598963909,0.9895991460090077,-0.9942756163446836,-0.1068456772284192,-0.2183151360706825,-0.9758783230313293,11,0,1,1,0,0,1,1,0,1,0,0,0,0,0,0,1,0,0,1,0,0,1,1,0,0,1,0,0,0,1,1,0
0,0.14392442519666576,0.989588682146178,-0.9942755675487481,-0.10684613130860116,-0.21831528254837296,-0.975878290262584,11,0,1,1,0,0,1,1,0,1,0,0,0,0,0,0,1,0,0,1,0,0,1,1,0,0,1,0,0,0,1,1,0
1,0.1439963897357967,0.9895782130499118,-0.994275522482254,-0.10684655068199768,-0.21831533790331284,-0.9758782778790408,11,0,1,1,0,0,1,1,0,1,0,0,0,0,0,0,1,0,0,1,0,0,1,1,0,0,1,0,0,0,1,1,0
0,0.14406835351340322,0.9895677387202642,-0.9942754807101181,-0.10684693939773647,-0.21831533847105536,-0.9758782777520302,11,0,1,1,0,0,1,1,0,1,0,0,0,0,0,0,1,0,0,1,0,0,1,1,0,0,1,0,0,0,1,1,0
1,0.14414031652910472,0.9895572591572908,-0.9942754363892183,-0.10684735182974539,-0.2183153444323568,-0.9758782764184176,11,0,1,1,0,0,1,1,0,1,0,0,0,0,0,0,1,0,0,1,0,0,1,1,0,0,1,0,0,0,1,1,0
1,0.1442122787825206,0.9895467743610469,-0.9942753821844635,-0.10684785623464359,-0.21831540688408319,-0.9758782624472364,11,0,1,1,0,0,1,1,0,1,0,0,0,0,0,0,1,0,0,1,0,0,1,1,0,0,1,0,0,0,1,1,0
1,0.14428424027327028,0.9895362843315879,-0.9942753251821687,-0.10684838666958354,-0.2183154230647567,-0.97587825882743,12,0,1,1,1,0,1,1,0,1,0,0,0,0,0,0,1,0,0,1,0,0,1,1,0,0,1,0,0,0,1,1,0
1,0.14435620100097318,0.9895257890689695,-0.9942752713498617,-0.10684888760374997,-0.2183154418002747,-0.9758782546360744,12,0,1,1,1,0,1,1,0,1,0,0,0,0,0,0,1,0,0,1,0,0,1,1,0,0,1,0,0,0,1,1,0
0,0.14442816096524883,0.989515288573247,-0.994275241574147,-0.10684916467933464,-0.21831546763257895,-0.9758782488570837,12,0,1,1,1,0,1,1,0,1,0,0,0,0,0,0,1,0,0,1,0,0,1,1,0,0,1,0,0,0,1,1,0
1,0.1445001201657166,0.989504782844476,-0.994275199676664,-0.10684955455185531,-0.21831548636809592,-0.9758782446657276,12,0,1,1,1,0,1,1,0,1,0,0,0,0,0,0,1,0,0,1,0,0,1,1,0,0,1,0,0,0,1,1,0
0,0.14457207860199586,0.989494271882712,-0.9942751561627958,-0.10684995946395104,-0.2183155261101026,-0.9758782357749706,12,0,1,1,1,0,1,1,0,1,0,0,0,0,0,0,1,0,0,1,0,0,1,1,0,0,1,0,0,0,1,1,0
1,0.1446440362737062,0.9894837556880106,-0.9942751219732122,-0.1068502776091568,-0.21831548949068294,-0.975878243967168,12,0,1,1,1,0,1,1,0,1,0,0,0,0,0,0,1,0,0,1,0,0,1,1,0,0,1,0,0,0,1,1,0
0,0.144715993180467,0.9894732342604275,-0.9942750731751758,-0.10685073168911298,-0.21831557067792293,-0.9758782258046199,12,0,1,1,1,0,1,1,0,1,0,0,0,0,0,0,1,0,0,1,0,0,1,1,0,0,1,0,0,0,1,1,0
0,0.14478794932189767,0.9894627076000184,-0.9942750053548852,-0.10685136277344794,-0.2183155400198044,-0.9758782326632054,12,0,1,1,1,0,1,1,0,1,0,0,0,0,0,0,1,0,0,1,0,0,1,1,0,0,1,0,0,0,1,1,0
1,0.1448599046976178,0.9894521757068389,-0.9942749443722289,-0.10685193022871102,-0.21831553888431898,-0.975878232917227,12,0,1,1,1,0,1,1,0,1,0,0,0,0,0,0,1,0,0,1,0,0,1,1,0,0,1,0,0,0,1,1,0
1,0.14493185930724672,0.9894416385809445,-0.9942748976870199,-0.10685236464143404,-0.2183156774135947,-0.975878201926574,12,0,1,1,1,0,1,1,0,1,0,0,0,0,0,0,1,0,0,1,0,0,1,1,0,0,1,0,0,0,1,1,0
1,0.14500381315040398,0.9894310962223912,-0.9942748534260344,-0.10685277649475369,-0.21831578556862066,-0.9758781777309892,12,0,1,1,1,0,1,1,0,1,0,0,0,0,0,0,1,0,0,1,0,0,1,1,0,0,1,0,0,0,1,1,0
1,0.14507576622670904,0.9894205486312346,-0.9942747832421837,-0.10685342955988232,-0.21831567911682342,-0.9758782015455413,12,0,1,1,1,0,1,1,0,1,0,0,0,0,0,0,1,0,0,1,0,0,1,1,0,0,1,0,0,0,1,1,0
1,0.14514771853578132,0.9894099958075305,-0.9942747403483876,-0.1068538286873544,-0.21831569728459657,-0.975878197481192,12,0,1,1,1,0,1,1,0,1,0,0,0,0,0,0,1,0,0,1,0,0,1,1,0,0,1,0,0,0,1,1,0
1,0.1452196700772404,0.9893994377513348,-0.9942746930406966,-0.10685426888444206,-0.21831577364601892,-0.9758781803982197,12,0,1,1,1,0,1,1,0,1,0,0,0,0,0,0,1,0,0,1,0,0,1,1,0,0,1,0,0,0,1,1,0
0,0.1452916208507057,0.9893888744627033,-0.9942746273317932,-0.10685488030138726,-0.21831576484600398,-0.9758781823668896,12,0,1,1,1,0,1,1,0,1,0,0,0,0,0,0,1,0,0,1,0,0,1,1,0,0,1,0,0,0,1,1,0
0,0.14536357085579668,0.9893783059416917,-0.9942745656011374,-0.10685545469778127,-0.21831579522024994,-0.9758781755718026,12,0,1,1,1,0,1,1,0,1,0,0,0,0,0,0,1,0,0,1,0,0,1,1,0,0,1,0,0,0,1,1,0
0,0.1454355200921329,0.9893677321883562,-0.9942745239498527,-0.10685584225625505,-0.21831593545274572,-0.9758781442000802,12,0,1,1,1,0,1,1,0,1,0,0,0,0,0,0,1,0,0,1,0,0,1,1,0,0,1,0,0,0,1,1,0
0,0.14550746855933383,0.9893571532027524,-0.9942744861527354,-0.10685619395109475,-0.2183160109625496,-0.9758781273076059,12,0,1,1,1,0,1,1,0,1,0,0,0,0,0,0,1,0,0,1,0,0,1,1,0,0,1,0,0,0,1,1,0
1,0.14557941625701895,0.9893465689849364,-0.9942744327516619,-0.10685669083572062,-0.2183161199691816,-0.9758781029214673,12,0,1,1,1,0,1,1,0,1,0,0,0,0,0,0,1,0,0,1,0,0,1,1,0,0,1,0,0,0,1,1,0
0,0.1456513631848078,0.9893359795349642,-0.994274393151404,-0.10685705930544503,-0.21831623493711022,-0.9758780772016986,12,0,1,1,1,0,1,1,0,1,0,0,0,0,0,0,1,0,0,1,0,0,1,1,0,0,1,0,0,0,1,1,0
0,0.14572330934231986,0.9893253848528918,-0.9942743441016016,-0.10685751569884977,-0.21831631073077992,-0.9758780602456957,12,0,1,1,1,0,1,1,0,1,0,0,0,0,0,0,1,0,0,1,0,0,1,1,0,0,1,0,0,0,1,1,0
0,0.14579525472917465,0.9893147849387752,-0.9942742955489293,-0.1068579674646694,-0.21831637545346372,-0.9758780457664074,12,0,1,1,1,0,1,1,0,1,0,0,0,0,0,0,1,0,0,1,0,0,1,1,0,0,1,0,0,0,1,1,0
1,0.1458671993449917,0.9893041797926705,-0.9942742502287721,-0.1068583891513106,-0.2183164163309475,-0.9758780366215916,12,0,1,1,1,0,1,1,0,1,0,0,0,0,0,0,1,0,0,1,0,0,1,1,0,0,1,0,0,0,1,1,0
0,0.14593914318939055,0.9892935694146336,-0.9942742011783594,-0.10685884554464975,-0.21831645380197406,-0.9758780282388422,12,0,1,1,1,0,1,1,0,1,0,0,0,0,0,0,1,0,0,1,0,0,1,1,0,0,1,0,0,0,1,1,0
0,0.14601108626199066,0.9892829538047209,-0.9942741370208492,-0.10685944250016255,-0.21831649638268552,-0.975878018712989,11,0,1,1,0,0,1,1,0,1,0,0,0,0,0,0,1,0,0,1,0,0,1,1,0,0,1,0,0,0,1,1,0
1,0.14608302856241162,0.9892723329629883,-0.994274078769001,-0.10685998450334133,-0.21831655855052357,-0.9758780048052399,11,0,1,1,0,0,1,1,0,1,0,0,0,0,0,0,1,0,0,1,0,0,1,1,0,0,1,0,0,0,1,1,0
1,0.14615497009027292,0.9892617068894921,-0.9942740379863146,-0.10686036396339202,-0.21831660964737631,-0.9758779933742102,11,0,1,1,0,0,1,1,0,1,0,0,0,0,0,0,1,0,0,1,0,0,1,1,0,0,1,0,0,0,1,1,0
1,0.14622691084519412,0.9892510755842885,-0.9942739886241498,-0.10686082324885947,-0.21831662554417486,-0.9758779898178893,11,0,1,1,0,0,1,1,0,1,0,0,0,0,0,0,1,0,0,1,0,0,1,1,0,0,1,0,0,0,1,1,0
0,0.14629885082679478,0.9892404390474336,-0.9942739544310901,-0.10686114139369166,-0.21831662497643162,-0.9758779899449009,11,0,1,1,0,0,1,1,0,1,0,0,0,0,0,0,1,0,0,1,0,0,1,1,0,0,1,0,0,0,1,1,0
1,0.14637079003469441,0.9892297972789839,-0.9942739198027423,-0.10686146358762863,-0.21831666812488465,-0.9758779802920287,11,0,1,1,0,0,1,1,0,1,0,0,0,0,0,0,1,0,0,1,0,0,1,1,0,0,1,0,0,0,1,1,0
0,0.14644272846851258,0.9892191502789953,-0.9942738739215748,-0.1068618904801162,-0.2183166459829152,-0.9758779852454765,11,0,1,1,0,0,1,1,0,1,0,0,0,0,0,0,1,0,0,1,0,0,1,1,0,0,1,0,0,0,1,1,0
0,0.14651466612786881,0.9892084980475244,-0.9942738285997539,-0.10686231216657859,-0.21831661929900373,-0.9758779912150155,12,0,1,1,1,0,1,1,0,1,0,0,0,0,0,0,1,0,0,1,0,0,1,1,0,0,1,0,0,0,1,1,0
1,0.14658660301238274,0.9891978405846275,-0.9942737695381275,-0.10686286168937537,-0.21831658296346465,-0.9758779993437482,12,0,1,1,1,0,1,1,0,1,0,0,0,0,0,0,1,0,0,1,0,0,1,1,0,0,1,0,0,0,1,1,0
0,0.14665853912167384,0.9891871778903609,-0.9942737299977532,-0.10686322958040813,-0.218316637182902,-0.9758779872141543,12,0,1,1,1,0,1,1,0,1,0,0,0,0,0,0,1,0,0,1,0,0,1,1,0,0,1,0,0,0,1,1,0
0,0.14673047445536175,0.989176509964781,-0.9942736912032913,-0.10686359053008657,-0.21831668175071184,-0.9758779772437527,12,0,1,1,1,0,1,1,0,1,0,0,0,0,0,0,1,0,0,1,0,0,1,1,0,0,1,0,0,0,1,1,0
1,0.146802409013066,0.9891658368079442,-0.9942736490514682,-0.10686398271577734,-0.21831675129920286,-0.9758779616848421,12,0,1,1,1,0,1,1,0,1,0,0,0,0,0,0,1,0,0,1,0,0,1,1,0,0,1,0,0,0,1,1,0
0,0.14687434279440614,0.989155158419907,-0.9942736136139747,-0.10686431242940032,-0.2183167490282322,-0.975877962192888,11,0,1,1,0,0,1,1,0,1,0,0,0,0,0,0,1,0,0,1,0,0,1,1,0,0,1,0,0,0,1,1,0
1,0.14694627579900177,0.9891444748007258,-0.9942735672963844,-0.10686474337087161,-0.21831676435728659,-0.9758779587635766,11,0,1,1,0,0,1,1,0,1,0,0,0,0,0,0,1,0,0,1,0,0,1,1,0,0,1,0,0,0,1,1,0
0,0.1470182080264725,0.9891337859504572,-0.9942735211029505,-0.1068651731554322,-0.21831678252505607,-0.9758779546992069,11,0,1,1,0,0,1,1,0,1,0,0,0,0,0,0,1,0,0,1,0,0,1,1,0,0,1,0,0,0,1,1,0
0,0.14709013947643793,0.9891230918691576,-0.9942734856028906,-0.10686550344745673,-0.21831679132506984,-0.9758779527305276,11,0,1,1,0,0,1,1,0,1,0,0,0,0,0,0,1,0,0,1,0,0,1,1,0,0,1,0,0,0,1,1,0
0,0.14716207014851757,0.9891123925568837,-0.9942734473671517,-0.10686585919104295,-0.2183168256735071,-0.9758779450463277,11,0,1,1,0,0,1,1,0,1,0,0,0,0,0,0,1,0,0,1,0,0,1,1,0,0,1,0,0,0,1,1,0
0,0.1472340000423311,0.989101688013692,-0.9942734128616196,-0.10686618022792511,-0.21831686257678737,-0.9758779367905743,11,0,1,1,0,0,1,1,0,1,0,0,0,0,0,0,1,0,0,1,0,0,1,1,0,0,1,0,0,0,1,1,0
1,0.14730592915749804,0.9890909782396391,-0.9942733769881905,-0.1068665139905833,-0.2183169091316941,-0.9758779263756219,11,0,1,1,0,0,1,1,0,1,0,0,0,0,0,0,1,0,0,1,0,0,1,1,0,0,1,0,0,0,1,1,0
1,0.14737785749363805,0.9890802632347816,-0.9942733294883652,-0.10686695592240256,-0.21831695682208585,-0.9758779157066438,11,0,1,1,0,0,1,1,0,1,0,0,0,0,0,0,1,0,0,1,0,0,1,1,0,0,1,0,0,0,1,1,0
1,0.14744978505037076,0.9890695429991763,-0.9942732650151206,-0.10686755576961475,-0.2183171231707114,-0.975877878492214,11,0,1,1,0,0,1,1,0,1,0,0,0,0,0,0,1,0,0,1,0,0,1,1,0,0,1,0,0,0,1,1,0
1,0.1475217118273157,0.9890588175328798,-0.9942732121057557,-0.10686804802607279,-0.21831722508053042,-0.9758778556935991,11,0,1,1,0,0,1,1,0,1,0,0,0,0,0,0,1,0,0,1,0,0,1,1,0,0,1,0,0,0,1,1,0
1,0.14759363782409254,0.9890480868359488,-0.9942731555900776,-0.10686857383229863,-0.21831730825483886,-0.9758778370863649,11,0,1,1,0,0,1,1,0,1,0,0,0,0,0,0,1,0,0,1,0,0,1,1,0,0,1,0,0,0,1,1,0
0,0.14766556304032089,0.9890373509084401,-0.9942731038615127,-0.10686905509825362,-0.21831737468073595,-0.9758778222259747,11,0,1,1,0,0,1,1,0,1,0,0,0,0,0,0,1,0,0,1,0,0,1,1,0,0,1,0,0,0,1,1,0
0,0.14773748747562035,0.9890266097504106,-0.9942730539357657,-0.10686951958929188,-0.2183174683582811,-0.9758778012690067,11,0,1,1,0,0,1,1,0,1,0,0,0,0,0,0,1,0,0,1,0,0,1,1,0,0,1,0,0,0,1,1,0
1,0.14780941112961063,0.9890158633619168,-0.994273001958045,-0.10687000316897861,-0.21831758701650109,-0.9758777747235011,11,0,1,1,0,0,1,1,0,1,0,0,0,0,0,0,1,0,0,1,0,0,1,1,0,0,1,0,0,0,1,1,0
0,0.14788133400191128,0.9890051117430158,-0.9942729555136389,-0.10687043526707211,-0.21831763839721355,-0.9758777632289115,11,0,1,1,0,0,1,1,0,1,0,0,0,0,0,0,1,0,0,1,0,0,1,1,0,0,1,0,0,0,1,1,0
0,0.1479532560921419,0.9889943548937643,-0.9942729065820466,-0.10687089050292792,-0.21831766763596072,-0.9758777566877904,11,0,1,1,0,0,1,1,0,1,0,0,0,0,0,0,1,0,0,1,0,0,1,1,0,0,1,0,0,0,1,1,0
1,0.14802517739992224,0.9889835928142193,-0.9942728595776777,-0.10687132780698216,-0.21831768722308262,-0.9758777523058737,11,0,1,1,0,0,1,1,0,1,0,0,0,0,0,0,1,0,0,1,0,0,1,1,0,0,1,0,0,0,1,1,0
1,0.14809709792487186,0.9889728255044377,-0.9942728196611184,-0.10687169916834502,-0.21831772497796914,-0.9758777438595696,11,0,1,1,0,0,1,1,0,1,0,0,0,0,0,0,1,0,0,1,0,0,1,1,0,0,1,0,0,0,1,1,0
0,0.1481690176666105,0.9889620529644764,-0.9942727751434213,-0.10687211333458166,-0.21831775819091506,-0.9758777364293609,11,0,1,1,0,0,1,1,0,1,0,0,0,0,0,0,1,0,0,1,0,0,1,1,0,0,1,0,0,0,1,1,0
0,0.14824093662475774,0.9889512751943923,-0.994272725838005,-0.10687257204102224,-0.21831779424257264,-0.9758777283640906,11,0,1,1,0,0,1,1,0,1,0,0,0,0,0,0,1,0,0,1,0,0,1,1,0,0,1,0,0,0,1,1,0
1,0.1483128547989332,0.9889404921942425,-0.9942726848018099,-0.10687295381433413,-0.21831782546841882,-0.975877721378422,11,0,1,1,0,0,1,1,0,1,0,0,0,0,0,0,1,0,0,1,0,0,1,1,0,0,1,0,0,0,1,1,0
1,0.14838477218875662,0.988929703964084,-0.9942726420245293,-0.10687335178407334,-0.21831782319744827,-0.9758777218864706,11,0,1,1,0,0,1,1,0,1,0,0,0,0,0,0,1,0,0,1,0,0,1,1,0,0,1,0,0,0,1,1,0
0,0.14845668879384763,0.9889189105039738,-0.9942725927807182,-0.10687380991200816,-0.21831782092647775,-0.9758777223945193,11,0,1,1,0,0,1,1,0,1,0,0,0,0,0,0,1,0,0,1,0,0,1,1,0,0,1,0,0,0,1,1,0
0,0.14852860461382592,0.9889081118139692,-0.9942725522414629,-0.10687418705771448,-0.21831779253934472,-0.975877728745127,11,0,1,1,0,0,1,1,0,1,0,0,0,0,0,0,1,0,0,1,0,0,1,1,0,0,1,0,0,0,1,1,0
1,0.14860051964831117,0.988897307894127,-0.9942725062926555,-0.10687461452805916,-0.2183177298037825,-0.9758777427799665,11,0,1,1,0,0,1,1,0,1,0,0,0,0,0,0,1,0,0,1,0,0,1,1,0,0,1,0,0,0,1,1,0
1,0.148672433896923,0.9888864987445046,-0.9942724602193096,-0.1068750431552726,-0.21831764662948208,-0.9758777613872367,11,0,1,1,0,0,1,1,0,1,0,0,0,0,0,0,1,0,0,1,0,0,1,1,0,0,1,0,0,0,1,1,0
0,0.14874434735928113,0.9888756843651589,-0.9942724068709939,-0.10687553946044268,-0.21831754415192936,-0.9758777843129078,11,0,1,1,0,0,1,1,0,1,0,0,0,0,0,0,1,0,0,1,0,0,1,1,0,0,1,0,0,0,1,1,0
1,0.14881626003500525,0.9888648647561474,-0.9942723619786297,-0.10687595709717346,-0.21831740874529815,-0.9758778146052601,11,0,1,1,0,0,1,1,0,1,0,0,0,0,0,0,1,0,0,1,0,0,1,1,0,0,1,0,0,0,1,1,0
0,0.14888817192371506,0.9888540399175271,-0.9942723272833026,-0.10687627986903947,-0.21831723899022765,-0.9758778525818095,11,0,1,1,0,0,1,1,0,1,0,0,0,0,0,0,1,0,0,1,0,0,1,1,0,0,1,0,0,0,1,1,0
1,0.14896008302503022,0.9888432098493553,-0.994272285872614,-0.10687666511286327,-0.21831719129983856,-0.9758778632508013,11,0,1,1,0,0,1,1,0,1,0,0,0,0,0,0,1,0,0,1,0,0,1,1,0,0,1,0,0,0,1,1,0
1,0.14903199333857048,0.9888323745516893,-0.9942722490629876,-0.10687700755180428,-0.21831691622847893,-0.9758779247879764,11,0,1,1,0,0,1,1,0,1,0,0,0,0,0,0,1,0,0,1,0,0,1,1,0,0,1,0,0,0,1,1,0
0,0.14910390286395545,0.9888215340245863,-0.9942722052270455,-0.10687741535491893,-0.2183168449767614,-0.9758779407279339,11,0,1,1,0,0,1,1,0,1,0,0,0,0,0,0,1,0,0,1,0,0,1,1,0,0,1,0,0,0,1,1,0
1,0.14917581160080493,0.9888106882681038,-0.994272158219807,-0.1068778526586647,-0.21831658608605,-0.9758779986451853,11,0,1,1,0,0,1,1,0,1,0,0,0,0,0,0,1,0,0,1,0,0,1,1,0,0,1,0,0,0,1,1,0
0,0.1492477195487386,0.988799837282299,-0.9942721141969806,-0.10687826219707337,-0.2183163578534358,-0.9758780497037581,11,0,1,1,0,0,1,1,0,1,0,0,0,0,0,0,1,0,0,1,0,0,1,1,0,0,1,0,0,0,1,1,0
1,0.1493196267073762,0.9887889810672295,-0.9942720714797548,-0.10687865958813927,-0.21831607483362359,-0.9758781130188543,11,0,1,1,0,0,1,1,0,1,0,0,0,0,0,0,1,0,0,1,0,0,1,1,0,0,1,0,0,0,1,1,0
1,0.14939153307633737,0.9887781196229524,-0.9942720229796551,-0.10687911077448317,-0.21831583127192414,-0.9758781675066046,11,0,1,1,0,0,1,1,0,1,0,0,0,0,0,0,1,0,0,1,0,0,1,1,0,0,1,0,0,0,1,1,0
0,0.14946343865524192,0.9887672529495254,-0.9942719574420157,-0.10687972045445543,-0.21831573702660134,-0.9758781885904264,11,0,1,1,0,0,1,1,0,1,0,0,0,0,0,0,1,0,0,1,0,0,1,1,0,0,1,0,0,0,1,1,0
1,0.14953534344370953,0.9887563810470058,-0.9942719326943089,-0.10687995067515586,-0.21831546110353514,-0.9758782503177078,11,0,1,1,0,0,1,1,0,1,0,0,0,0,0,0,1,0,0,1,0,0,1,1,0,0,1,0,0,0,1,1,0
0,0.14960724744135995,0.9887455039154512,-0.9942719160299939,-0.10688010569813593,-0.2183152371289348,-0.9758783004234375,11,0,1,1,0,0,1,1,0,1,0,0,0,0,0,0,1,0,0,1,0,0,1,1,0,0,1,0,0,0,1,1,0
1,0.1496791506478129,0.9887346215549192,-0.9942719104959437,-0.1068801571796474,-0.21831505147697602,-0.9758783419559045,11,0,1,1,0,0,1,1,0,1,0,0,0,0,0,0,1,0,0,1,0,0,1,1,0,0,1,0,0,0,1,1,0
1,0.14975105306268813,0.9887237339654672,-0.9942719010445258,-0.10688024510312813,-0.2183148056442469,-0.9758783969514412,11,0,1,1,0,0,1,1,0,1,0,0,0,0,0,0,1,0,0,1,0,0,1,1,0,0,1,0,0,0,1,1,0
1,0.14982295468560541,0.9887128411471529,-0.9942718708248086,-0.10688052622688099,-0.21831462141162783,-0.9758784381663003,11,0,1,1,0,0,1,1,0,1,0,0,0,0,0,0,1,0,0,1,0,0,1,1,0,0,1,0,0,0,1,1,0
1,0.14989485551618442,0.9887019431000337,-0.9942718652907366,-0.10688057770839011,-0.21831423648181475,-0.9758785242792067,11,0,1,1,0,0,1,1,0,1,0,0,0,0,0,0,1,0,0,1,0,0,1,1,0,0,1,0,0,0,1,1,0
0,0.14996675555404498,0.9886910398241674,-0.9942718559014623,-0.10688066505342207,-0.21831385183584015,-0.9758786103284562,11,0,1,1,0,0,1,1,0,1,0,0,0,0,0,0,1,0,0,1,0,0,1,1,0,0,1,0,0,0,1,1,0
1,0.15003865479880682,0.9886801313196116,-0.9942718504295638,-0.10688071595648652,-0.218313478260824,-0.9758786939008663,11,0,1,1,0,0,1,1,0,1,0,0,0,0,0,0,1,0,0,1,0,0,1,1,0,0,1,0,0,0,1,1,0
0,0.15011055325008973,0.9886692175864241,-0.9942718472583486,-0.10688074545712638,-0.2183131188793566,-0.975878774297898,11,0,1,1,0,0,1,1,0,1,0,0,0,0,0,0,1,0,0,1,0,0,1,1,0,0,1,0,0,0,1,1,0
0,0.15018245090751342,0.9886582986246625,-0.9942718435275062,-0.10688078016376125,-0.21831280662055425,-0.9758788441530314,11,0,1,1,0,0,1,1,0,1,0,0,0,0,0,0,1,0,0,1,0,0,1,1,0,0,1,0,0,0,1,1,0
0,0.1502543477706977,0.9886473744343846,-0.9942718467609031,-0.10688075008467758,-0.21831253183278976,-0.975878905625466,11,0,1,1,0,0,1,1,0,1,0,0,0,0,0,0,1,0,0,1,0,0,1,1,0,0,1,0,0,0,1,1,0
0,0.1503262438392623,0.9886364450156482,-0.9942718576425202,-0.10688064885699357,-0.21831226470954287,-0.9758789653832028,11,0,1,1,0,0,1,1,0,1,0,0,0,0,0,0,1,0,0,1,0,0,1,1,0,0,1,0,0,0,1,1,0
0,0.15039813911282707,0.988625510368511,-0.994271866472168,-0.10688056671795491,-0.2183119998572536,-0.9758790246328315,11,0,1,1,0,0,1,1,0,1,0,0,0,0,0,0,1,0,0,1,0,0,1,1,0,0,1,0,0,0,1,1,0
0,0.15047003359101174,0.9886145704930308,-0.9942718679645022,-0.10688055283530103,-0.2183117562953275,-0.9758790791195646,11,0,1,1,0,0,1,1,0,1,0,0,0,0,0,0,1,0,0,1,0,0,1,1,0,0,1,0,0,0,1,1,0
1,0.15054192727343613,0.9886036253892656,-0.9942718696433779,-0.10688053721731448,-0.2183114664622939,-0.9758791439574281,11,0,1,1,0,0,1,1,0,1,0,0,0,0,0,0,1,0,0,1,0,0,1,1,0,0,1,0,0,0,1,1,0
0,0.15061382015971997,0.9885926750572733,-0.9942718743691006,-0.10688049325557693,-0.21831111588068638,-0.9758792223850908,11,0,1,1,0,0,1,1,0,1,0,0,0,0,0,0,1,0,0,1,0,0,1,1,0,0,1,0,0,0,1,1,0
1,0.1506857122494831,0.9885817194971117,-0.9942718873648284,-0.10688037236079406,-0.21831081071853498,-0.9758792906519822,11,0,1,1,0,0,1,1,0,1,0,0,0,0,0,0,1,0,0,1,0,0,1,1,0,0,1,0,0,0,1,1,0
1,0.15075760354234533,0.9885707587088387,-0.9942718861212186,-0.10688038392967342,-0.2183105123692848,-0.9758793573946835,11,0,1,1,0,0,1,1,0,1,0,0,0,0,0,0,1,0,0,1,0,0,1,1,0,0,1,0,0,0,1,1,0
1,0.15082949403792648,0.9885597926925124,-0.9942718814576812,-0.10688042731296846,-0.2183102137361433,-0.9758794242007972,11,0,1,1,0,0,1,1,0,1,0,0,0,0,0,0,1,0,0,1,0,0,1,1,0,0,1,0,0,0,1,1,0
1,0.15090138373584625,0.9885488214481908,-0.9942718690215722,-0.10688054300175362,-0.21830990034164566,-0.975879494309016,11,0,1,1,0,0,1,1,0,1,0,0,0,0,0,0,1,0,0,1,0,0,1,1,0,0,1,0,0,0,1,1,0
1,0.15097327263572455,0.9885378449759317,-0.994271858886133,-0.10688063728811455,-0.21830954379860246,-0.9758795740696933,11,0,1,1,0,0,1,1,0,1,0,0,0,0,0,0,1,0,0,1,0,0,1,1,0,0,1,0,0,0,1,1,0
1,0.1510451607371812,0.9885268632757934,-0.9942718536629587,-0.10688068587740265,-0.21830924885572855,-0.9758796400499642,11,0,1,1,0,0,1,1,0,1,0,0,0,0,0,0,1,0,0,1,0,0,1,1,0,0,1,0,0,0,1,1,0
1,0.15111704803983594,0.9885158763478339,-0.9942718524193455,-0.10688069744628073,-0.21830902005498715,-0.9758796912338279,11,0,1,1,0,0,1,1,0,1,0,0,0,0,0,0,1,0,0,1,0,0,1,1,0,0,1,0,0,0,1,1,0
0,0.1511889345433087,0.9885048841921111,-0.9942718435896869,-0.10688077958531735,-0.21830869558939883,-0.975879763818297,11,0,1,1,0,0,1,1,0,1,0,0,0,0,0,0,1,0,0,1,0,0,1,1,0,0,1,0,0,0,1,1,0
0,0.1512608202472192,0.9884938868086836,-0.9942718433409641,-0.10688078189909293,-0.2183084131368329,-0.9758798270041644,11,0,1,1,0,0,1,1,0,1,0,0,0,0,0,0,1,0,0,1,0,0,1,1,0,0,1,0,0,0,1,1,0
0,0.15133270515118735,0.9884828841976091,-0.9942718486263239,-0.10688073273136056,-0.21830812131647356,-0.9758798922855578,11,0,1,1,0,0,1,1,0,1,0,0,0,0,0,0,1,0,0,1,0,0,1,1,0,0,1,0,0,0,1,1,0
0,0.15140458925483297,0.988471876358946,-0.9942718540360427,-0.10688068240673922,-0.21830786214137204,-0.9758799502639982,11,0,1,1,0,0,1,1,0,1,0,0,0,0,0,0,1,0,0,1,0,0,1,1,0,0,1,0,0,0,1,1,0
1,0.15147647255777585,0.9884608632927524,-0.994271854346946,-0.1068806795145197,-0.21830754023054633,-0.9758800222765545,11,0,1,1,0,0,1,1,0,1,0,0,0,0,0,0,1,0,0,1,0,0,1,1,0,0,1,0,0,0,1,1,0
1,0.15154835505963596,0.9884498449990867,-0.9942718486885046,-0.10688073215291577,-0.2183071975970382,-0.9758800989247233,11,0,1,1,0,0,1,1,0,1,0,0,0,0,0,0,1,0,0,1,0,0,1,1,0,0,1,0,0,0,1,1,0
0,0.15162023676003303,0.9884388214780071,-0.9942718452063853,-0.10688076454577597,-0.21830687369905885,-0.9758801713815807,11,0,1,1,0,0,1,1,0,1,0,0,0,0,0,0,1,0,0,1,0,0,1,1,0,0,1,0,0,0,1,1,0
0,0.15169211765858692,0.9884277927295718,-0.9942718466987224,-0.10688075066312148,-0.2183065952205836,-0.9758802336778813,11,0,1,1,0,0,1,1,0,1,0,0,0,0,0,0,1,0,0,1,0,0,1,1,0,0,1,0,0,0,1,1,0
0,0.15176399775491756,0.9884167587538393,-0.9942718439005904,-0.10688077669309785,-0.2183062673483497,-0.975880307023577,11,0,1,1,0,0,1,1,0,1,0,0,0,0,0,0,1,0,0,1,0,0,1,1,0,0,1,0,0,0,1,1,0
1,0.15183587704864476,0.9884057195508679,-0.994271834138214,-0.10688086750879217,-0.2183058335917987,-0.9758804040556353,12,0,1,1,1,0,1,1,0,1,0,0,0,0,0,0,1,0,0,1,0,0,1,1,0,0,1,0,0,0,1,1,0
0,0.1519077555393884,0.9883946751207159,-0.9942718269252426,-0.1068809346082844,-0.21830548386135398,-0.9758804822907671,12,0,1,1,1,0,1,1,0,1,0,0,0,0,0,0,1,0,0,1,0,0,1,1,0,0,1,0,0,0,1,1,0
1,0.15197963322676836,0.9883836254634417,-0.9942718160435964,-0.10688103583596528,-0.21830507707257946,-0.9758805732897521,12,0,1,1,1,0,1,1,0,1,0,0,0,0,0,0,1,0,0,1,0,0,1,1,0,0,1,0,0,0,1,1,0
0,0.1520515101104045,0.9883725705791038,-0.9942717922904809,-0.10688125680153109,-0.2183048017165842,-0.9758806348870147,12,0,1,1,1,0,1,1,0,1,0,0,0,0,0,0,1,0,0,1,0,0,1,1,0,0,1,0,0,0,1,1,0
0,0.1521233861899167,0.9883615104677607,-0.9942717771804892,-0.10688139736339365,-0.21830452465733716,-0.9758806968652132,12,0,1,1,1,0,1,1,0,1,0,0,0,0,0,0,1,0,0,1,0,0,1,1,0,0,1,0,0,0,1,1,0
0,0.15219526146492485,0.9883504451294709,-0.9942717677289618,-0.10688148528686171,-0.218304157610583,-0.9758807789735044,12,0,1,1,1,0,1,1,0,1,0,0,0,0,0,0,1,0,0,1,0,0,1,1,0,0,1,0,0,0,1,1,0
1,0.15226713593504884,0.9883393745642928,-0.9942717639359123,-0.10688152057193677,-0.21830381185421513,-0.9758808563190076,12,0,1,1,1,0,1,1,0,1,0,0,0,0,0,0,1,0,0,1,0,0,1,1,0,0,1,0,0,0,1,1,0
0,0.15233900959990856,0.988328298772285,-0.9942717511265887,-0.10688163973137221,-0.21830346212360918,-0.9758809345534146,12,0,1,1,1,0,1,1,0,1,0,0,0,0,0,0,1,0,0,1,0,0,1,1,0,0,1,0,0,0,1,1,0
1,0.1524108824591239,0.988317217753506,-0.9942717368870809,-0.10688177219501613,-0.2183030811670237,-0.9758810197728942,12,0,1,1,1,0,1,1,0,1,0,0,0,0,0,0,1,0,0,1,0,0,1,1,0,0,1,0,0,0,1,1,0
0,0.15248275451231474,0.9883061315080146,-0.9942717261918933,-0.10688187168735724,-0.21830275017193088,-0.9758810938159277,12,0,1,1,1,0,1,1,0,1,0,0,0,0,0,0,1,0,0,1,0,0,1,1,0,0,1,0,0,0,1,1,0
0,0.15255462575910103,0.9882950400358693,-0.9942717189166729,-0.10688193936528602,-0.21830248617068046,-0.9758811528724693,12,0,1,1,1,0,1,1,0,1,0,0,0,0,0,0,1,0,0,1,0,0,1,1,0,0,1,0,0,0,1,1,0
1,0.15262649619910268,0.9882839433371289,-0.9942717145017933,-0.10688198043479759,-0.21830218782086228,-0.9758812196126253,12,0,1,1,1,0,1,1,0,1,0,0,0,0,0,0,1,0,0,1,0,0,1,1,0,0,1,0,0,0,1,1,0
1,0.15269836583193958,0.9882728414118518,-0.9942717169268681,-0.10688195787548932,-0.21830193602608933,-0.9758812759384521,12,0,1,1,1,0,1,1,0,1,0,0,0,0,0,0,1,0,0,1,0,0,1,1,0,0,1,0,0,0,1,1,0
0,0.15277023465723163,0.9882617342600969,-0.994271702936044,-0.10688208802535165,-0.2183018204900387,-0.975881301783539,12,0,1,1,1,0,1,1,0,1,0,0,0,0,0,0,1,0,0,1,0,0,1,1,0,0,1,0,0,0,1,1,0
1,0.15284210267459877,0.9882506218819229,-0.994271696655713,-0.10688214644817785,-0.2183016453407866,-0.975881340963903,12,0,1,1,1,0,1,1,0,1,0,0,0,0,0,0,1,0,0,1,0,0,1,1,0,0,1,0,0,0,1,1,0
0,0.15291396988366093,0.9882395042773886,-0.9942716867688484,-0.10688223842074544,-0.21830145429467374,-0.9758813837003094,12,0,1,1,1,0,1,1,0,1,0,0,0,0,0,0,1,0,0,1,0,0,1,1,0,0,1,0,0,0,1,1,0
1,0.15298583628403806,0.9882283814465528,-0.9942717014436885,-0.10688210190800325,-0.21830109718319543,-0.9758814635849034,12,0,1,1,1,0,1,1,0,1,0,0,0,0,0,0,1,0,0,1,0,0,1,1,0,0,1,0,0,0,1,1,0
0,0.15305770187535006,0.9882172533894743,-0.9942716949146305,-0.10688216264460548,-0.21830089534990668,-0.9758815087342464,12,0,1,1,1,0,1,1,0,1,0,0,0,0,0,0,1,0,0,1,0,0,1,1,0,0,1,0,0,0,1,1,0
0,0.1531295666572169,0.9882061201062119,-0.9942716867066668,-0.10688223899918925,-0.2183006520712326,-0.9758815631547071,12,0,1,1,1,0,1,1,0,1,0,0,0,0,0,0,1,0,0,1,0,0,1,1,0,0,1,0,0,0,1,1,0
0,0.15320143062925848,0.9881949815968246,-0.9942716892561106,-0.10688221528299312,-0.21830033981153787,-0.9758816330058513,12,0,1,1,1,0,1,1,0,1,0,0,0,0,0,0,1,0,0,1,0,0,1,1,0,0,1,0,0,0,1,1,0
0,0.15327329379109478,0.9881838378613712,-0.9942716827892274,-0.10688227544115081,-0.21830008716504132,-0.975881689521704,12,0,1,1,1,0,1,1,0,1,0,0,0,0,0,0,1,0,0,1,0,0,1,1,0,0,1,0,0,0,1,1,0
0,0.15334515614234576,0.9881726888999106,-0.9942716686118167,-0.10688240732634006,-0.21829973828575383,-0.9758817675642738,12,0,1,1,1,0,1,1,0,1,0,0,0,0,0,0,1,0,0,1,0,0,1,1,0,0,1,0,0,0,1,1,0
1,0.15341701768263133,0.9881615347125019,-0.9942716484027582,-0.10688259532057652,-0.21829935818046028,-0.9758818525917977,12,0,1,1,1,0,1,1,0,1,0,0,0,0,0,0,1,0,0,1,0,0,1,1,0,0,1,0,0,0,1,1,0
1,0.15348887841157152,0.988150375299204,-0.9942716424954883,-0.10688265027273594,-0.21829901583018252,-0.9758819291735931,12,0,1,1,1,0,1,1,0,1,0,0,0,0,0,0,1,0,0,1,0,0,1,1,0,0,1,0,0,0,1,1,0
1,0.15356073832878625,0.988139210660076,-0.9942716383914882,-0.10688268845002721,-0.2182987061252237,-0.9758819984527091,12,0,1,1,1,0,1,1,0,1,0,0,0,0,0,0,1,0,0,1,0,0,1,1,0,0,1,0,0,0,1,1,0
0,0.15363259743389546,0.9881280407951768,-0.9942716255820246,-0.10688280760944761,-0.2182982950777288,-0.9758820904013746,12,0,1,1,1,0,1,1,0,1,0,0,0,0,0,0,1,0,0,1,0,0,1,1,0,0,1,0,0,0,1,1,0
0,0.1537044557265192,0.9881168657045656,-0.9942716074248965,-0.10688297651503006,-0.21829790617225855,-0.9758821773968452,12,0,1,1,1,0,1,1,0,1,0,0,0,0,0,0,1,0,0,1,0,0,1,1,0,0,1,0,0,0,1,1,0
0,0.15377631320627738,0.9881056853883015,-0.994271591755023,-0.10688312228286027,-0.2182976169060509,-0.9758822421035948,12,0,1,1,1,0,1,1,0,1,0,0,0,0,0,0,1,0,0,1,0,0,1,1,0,0,1,0,0,0,1,1,0
0,0.15384816987279004,0.9880944998464434,-0.9942715691829058,-0.1068833322579443,-0.21829727909759936,-0.9758823176687775,12,0,1,1,1,0,1,1,0,1,0,0,0,0,0,0,1,0,0,1,0,0,1,1,0,0,1,0,0,0,1,1,0
1,0.15392002572567712,0.9880833090790507,-0.9942715461132857,-0.10688354686057339,-0.21829699181845885,-0.975882381930841,12,0,1,1,1,0,1,1,0,1,0,0,0,0,0,0,1,0,0,1,0,0,1,1,0,0,1,0,0,0,1,1,0
1,0.15399188076455864,0.9880721130861826,-0.9942715300080517,-0.10688369667750061,-0.21829680219150602,-0.9758824243488364,12,0,1,1,1,0,1,1,0,1,0,0,0,0,0,0,1,0,0,1,0,0,1,1,0,0,1,0,0,0,1,1,0
0,0.15406373498905454,0.9880609118678981,-0.9942715144624376,-0.10688384128843205,-0.21829653790602296,-0.9758824834672688,12,0,1,1,1,0,1,1,0,1,0,0,0,0,0,0,1,0,0,1,0,0,1,1,0,0,1,0,0,0,1,1,0
0,0.15413558839878488,0.9880497054242566,-0.9942714908952466,-0.10688406051859886,-0.21829628809803298,-0.9758825393471392,12,0,1,1,1,0,1,1,0,1,0,0,0,0,0,0,1,0,0,1,0,0,1,1,0,0,1,0,0,0,1,1,0
1,0.1542074409933697,0.9880384937553174,-0.994271457192214,-0.10688437403508243,-0.21829602409639282,-0.9758825984019323,12,0,1,1,1,0,1,1,0,1,0,0,0,0,0,0,1,0,0,1,0,0,1,1,0,0,1,0,0,0,1,1,0
1,0.15427929277242886,0.9880272768611397,-0.9942714404028434,-0.10688453021487657,-0.21829580977246799,-0.9758826463442121,12,0,1,1,1,0,1,1,0,1,0,0,0,0,0,0,1,0,0,1,0,0,1,1,0,0,1,0,0,0,1,1,0
0,0.1543511437355825,0.9880160547417828,-0.9942714234268997,-0.10688468812999727,-0.21829559743564197,-0.9758826938419475,12,0,1,1,1,0,1,1,0,1,0,0,0,0,0,0,1,0,0,1,0,0,1,1,0,0,1,0,0,0,1,1,0
1,0.1544229938824506,0.9880048273973061,-0.9942713936412083,-0.10688496520451052,-0.21829532605326646,-0.975882754547542,12,0,1,1,1,0,1,1,0,1,0,0,0,0,0,0,1,0,0,1,0,0,1,1,0,0,1,0,0,0,1,1,0
1,0.1544948432126532,0.9879935948277689,-0.9942713652234727,-0.10688522955325407,-0.21829506971613274,-0.9758828118875896,12,0,1,1,1,0,1,1,0,1,0,0,0,0,0,0,1,0,0,1,0,0,1,1,0,0,1,0,0,0,1,1,0
1,0.15456669172581028,0.9879823570332308,-0.9942713462575488,-0.1068854059785601,-0.2182949115989785,-0.9758828472567771,12,0,1,1,1,0,1,1,0,1,0,0,0,0,0,0,1,0,0,1,0,0,1,1,0,0,1,0,0,0,1,1,0
0,0.1546385394215419,0.987971114013751,-0.9942713161607396,-0.10688568594526891,-0.21829476483673213,-0.9758828800859639,12,0,1,1,1,0,1,1,0,1,0,0,0,0,0,0,1,0,0,1,0,0,1,1,0,0,1,0,0,0,1,1,0
0,0.1547103862994681,0.9879598657693891,-0.9942712761766335,-0.10688605788449976,-0.2182945391578322,-0.9758829305679394,12,0,1,1,1,0,1,1,0,1,0,0,0,0,0,0,1,0,0,1,0,0,1,1,0,0,1,0,0,0,1,1,0
0,0.1547822323592089,0.9879486123002046,-0.9942712340159481,-0.10688645006923882,-0.2182943404468409,-0.9758829750174345,12,0,1,1,1,0,1,1,0,1,0,0,0,0,0,0,1,0,0,1,0,0,1,1,0,0,1,0,0,0,1,1,0
0,0.15485407760038433,0.9879373536062568,-0.9942712014936615,-0.10688675259521442,-0.2182941576327214,-0.9758830159109342,12,0,1,1,1,0,1,1,0,1,0,0,0,0,0,0,1,0,0,1,0,0,1,1,0,0,1,0,0,0,1,1,0
0,0.1549259220226145,0.9879260896876055,-0.9942711870669201,-0.10688688679411303,-0.21829390328263001,-0.9758830728061809,12,0,1,1,1,0,1,1,0,1,0,0,0,0,0,0,1,0,0,1,0,0,1,1,0,0,1,0,0,0,1,1,0
0,0.15499776562551937,0.9879148205443101,-0.9942711642452704,-0.10688709908288561,-0.21829368725536324,-0.9758831211289893,12,0,1,1,1,0,1,1,0,1,0,0,0,0,0,0,1,0,0,1,0,0,1,1,0,0,1,0,0,0,1,1,0
0,0.15506960840871906,0.9879035461764304,-0.9942711255665123,-0.10688745887474653,-0.2182935297059047,-0.9758831563709547,12,0,1,1,1,0,1,1,0,1,0,0,0,0,0,0,1,0,0,1,0,0,1,1,0,0,1,0,0,0,1,1,0
1,0.1551414503718336,0.9878922665840258,-0.9942710855195585,-0.10688783139234777,-0.2182933128270016,-0.9758832048841771,12,0,1,1,1,0,1,1,0,1,0,0,0,0,0,0,1,0,0,1,0,0,1,1,0,0,1,0,0,0,1,1,0
0,0.1552132915144831,0.987880981767156,-0.994271037264037,-0.10688828026447053,-0.21829311468370072,-0.9758832492064247,12,0,1,1,1,0,1,1,0,1,0,0,0,0,0,0,1,0,0,1,0,0,1,1,0,0,1,0,0,0,1,1,0
1,0.15528513183628756,0.9878696917258808,-0.994270949396182,-0.10688909760501707,-0.21829315698076707,-0.9758832397450886,12,0,1,1,1,0,1,1,0,1,0,0,0,0,0,0,1,0,0,1,0,0,1,1,0,0,1,0,0,0,1,1,0
0,0.1553569713368671,0.9878583964602599,-0.994270894361833,-0.10688960952740334,-0.2182930499606718,-0.9758832636841702,12,0,1,1,1,0,1,1,0,1,0,0,0,0,0,0,1,0,0,1,0,0,1,1,0,0,1,0,0,0,1,1,0
0,0.15542881001584177,0.9878470959703528,-0.9942708508938387,-0.10689001385930332,-0.21829289524992007,-0.9758832982910444,12,0,1,1,1,0,1,1,0,1,0,0,0,0,0,0,1,0,0,1,0,0,1,1,0,0,1,0,0,0,1,1,0
1,0.15550064787283166,0.9878357902562195,-0.9942708044407361,-0.10689044595646288,-0.2182927396875436,-0.9758833330883904,12,0,1,1,1,0,1,1,0,1,0,0,0,0,0,0,1,0,0,1,0,0,1,1,0,0,1,0,0,0,1,1,0
1,0.1555724849074569,0.9878244793179196,-0.9942707584849384,-0.106890873426057,-0.21829262329963098,-0.9758833591228848,12,0,1,1,1,0,1,1,0,1,0,0,0,0,0,0,1,0,0,1,0,0,1,1,0,0,1,0,0,0,1,1,0
0,0.15564432111933751,0.9878131631555132,-0.9942707204266827,-0.10689122743333689,-0.2182925310409171,-0.9758833797599743,12,0,1,1,1,0,1,1,0,1,0,0,0,0,0,0,1,0,0,1,0,0,1,1,0,0,1,0,0,0,1,1,0
0,0.15571615650809364,0.9878018417690599,-0.9942706724805633,-0.10689167341307874,-0.21829245553070678,-0.9758833966506318,12,0,1,1,1,0,1,1,0,1,0,0,0,0,0,0,1,0,0,1,0,0,1,1,0,0,1,0,0,0,1,1,0
0,0.15578799107334534,0.9877905151586197,-0.9942706280167333,-0.10689208699997779,-0.218292445027407,-0.9758833990000837,12,0,1,1,1,0,1,1,0,1,0,0,0,0,0,0,1,0,0,1,0,0,1,1,0,0,1,0,0,0,1,1,0
0,0.15585982481471272,0.9877791833242524,-0.9942705915127329,-0.10689242654613197,-0.21829243310474192,-0.9758834016670289,12,0,1,1,1,0,1,1,0,1,0,0,0,0,0,0,1,0,0,1,0,0,1,1,0,0,1,0,0,0,1,1,0
0,0.15593165773181594,0.987767846266018,-0.994270550966416,-0.10689280369107917,-0.2182923615687511,-0.9758834176686976,12,0,1,1,1,0,1,1,0,1,0,0,0,0,0,0,1,0,0,1,0,0,1,1,0,0,1,0,0,0,1,1,0
0,0.15600348982427506,0.9877565039839764,-0.9942705210540874,-0.10689308192223466,-0.2182922976973308,-0.975883431955897,12,0,1,1,1,0,1,1,0,1,0,0,0,0,0,0,1,0,0,1,0,0,1,1,0,0,1,0,0,0,1,1,0
1,0.15607532109171024,0.9877451564781877,-0.9942704827462929,-0.10689343824320331,-0.21829228378755489,-0.975883435067331,12,0,1,1,1,0,1,1,0,1,0,0,0,0,0,0,1,0,0,1,0,0,1,1,0,0,1,0,0,0,1,1,0
1,0.15614715153374154,0.9877338037487118,-0.9942704425727222,-0.10689381191744987,-0.21829236469135466,-0.975883416970212,12,0,1,1,1,0,1,1,0,1,0,0,0,0,0,0,1,0,0,1,0,0,1,1,0,0,1,0,0,0,1,1,0
0,0.1562189811499891,0.9877224457956087,-0.9942703979214367,-0.10689422723958422,-0.2182924455951525,-0.9758833988730864,12,0,1,1,1,0,1,1,0,1,0,0,0,0,0,0,1,0,0,1,0,0,1,1,0,0,1,0,0,0,1,1,0
1,0.1562908099400731,0.9877110826189387,-0.9942703356083501,-0.10689480683952295,-0.21829250407298476,-0.9758833857923527,12,0,1,1,1,0,1,1,0,1,0,0,0,0,0,0,1,0,0,1,0,0,1,1,0,0,1,0,0,0,1,1,0
1,0.15636263790361365,0.9876997142187617,-0.9942702713670598,-0.106895404371157,-0.21829259434458848,-0.975883365599757,12,0,1,1,1,0,1,1,0,1,0,0,0,0,0,0,1,0,0,1,0,0,1,1,0,0,1,0,0,0,1,1,0
0,0.15643446504023087,0.9876883405951378,-0.9942702262175935,-0.1068958243207626,-0.21829270590666214,-0.975883340644745,12,0,1,1,1,0,1,1,0,1,0,0,0,0,0,0,1,0,0,1,0,0,1,1,0,0,1,0,0,0,1,1,0
0,0.1565062913495449,0.9876769617481271,-0.9942701809435703,-0.10689624542723589,-0.218292837055966,-0.9758833113083026,12,0,1,1,1,0,1,1,0,1,0,0,0,0,0,0,1,0,0,1,0,0,1,1,0,0,1,0,0,0,1,1,0
0,0.15657811683117592,0.98766557767779,-0.9942701298857013,-0.10689672032888001,-0.21829298239891304,-0.9758832787968998,12,0,1,1,1,0,1,1,0,1,0,0,0,0,0,0,1,0,0,1,0,0,1,1,0,0,1,0,0,0,1,1,0
1,0.156649941484744,0.9876541883841866,-0.9942700812530254,-0.1068971726712277,-0.21829305478651156,-0.9758832626046894,12,0,1,1,1,0,1,1,0,1,0,0,0,0,0,0,1,0,0,1,0,0,1,1,0,0,1,0,0,0,1,1,0
0,0.15672176530986942,0.9876427938673771,-0.9942700454313832,-0.10689750585432378,-0.21829313625804334,-0.9758832443805086,12,0,1,1,1,0,1,1,0,1,0,0,0,0,0,0,1,0,0,1,0,0,1,1,0,0,1,0,0,0,1,1,0
1,0.15679358830617227,0.9876313941274217,-0.9942699966739685,-0.1068979593535187,-0.21829327932999706,-0.9758832123770528,12,0,1,1,1,0,1,1,0,1,0,0,0,0,0,0,1,0,0,1,0,0,1,1,0,0,1,0,0,0,1,1,0
0,0.15686541047327268,0.9876199891643808,-0.9942699496576943,-0.10689839665629221,-0.21829347520230682,-0.9758831685627639,12,0,1,1,1,0,1,1,0,1,0,0,0,0,0,0,1,0,0,1,0,0,1,1,0,0,1,0,0,0,1,1,0
0,0.1569372318107909,0.9876085789783147,-0.9942699085493921,-0.10689877900698179,-0.2182936795907953,-0.9758831228434639,12,0,1,1,1,0,1,1,0,1,0,0,0,0,0,0,1,0,0,1,0,0,1,1,0,0,1,0,0,0,1,1,0
0,0.15700905231834703,0.9875971635692837,-0.9942698707992785,-0.10689913012174618,-0.21829381471429019,-0.9758830926179033,12,0,1,1,1,0,1,1,0,1,0,0,0,0,0,0,1,0,0,1,0,0,1,1,0,0,1,0,0,0,1,1,0
0,0.15708087199556128,0.9875857429373482,-0.9942698301260356,-0.10689950842330456,-0.2182939455796883,-0.9758830633448108,12,0,1,1,1,0,1,1,0,1,0,0,0,0,0,0,1,0,0,1,0,0,1,1,0,0,1,0,0,0,1,1,0
0,0.15715269084205388,0.9875743170825686,-0.9942697872137425,-0.10689990754878743,-0.21829400121877132,-0.9758830508989789,12,0,1,1,1,0,1,1,0,1,0,0,0,0,0,0,1,0,0,1,0,0,1,1,0,0,1,0,0,0,1,1,0
1,0.1572245088574449,0.9875628860050054,-0.9942697392015377,-0.1069003541065516,-0.21829405430299875,-0.9758830390246361,12,0,1,1,1,0,1,1,0,1,0,0,0,0,0,0,1,0,0,1,0,0,1,1,0,0,1,0,0,0,1,1,0
1,0.15729632604135463,0.9875514497047189,-0.9942696884526679,-0.1069008261157724,-0.21829414372295142,-0.9758830190223946,12,0,1,1,1,0,1,1,0,1,0,0,0,0,0,0,1,0,0,1,0,0,1,1,0,0,1,0,0,0,1,1,0
1,0.15736814239340322,0.9875400081817696,-0.9942696460373869,-0.10690122061365566,-0.21829420333625274,-0.9758830056875623,12,0,1,1,1,0,1,1,0,1,0,0,0,0,0,0,1,0,0,1,0,0,1,1,0,0,1,0,0,0,1,1,0
0,0.15743995791321086,0.9875285614362181,-0.9942695957856488,-0.1069016879952915,-0.21829427515608446,-0.9758829896222598,12,0,1,1,1,0,1,1,0,1,0,0,0,0,0,0,1,0,0,1,0,0,1,1,0,0,1,0,0,0,1,1,0
0,0.15751177260039784,0.9875171094681249,-0.9942695437922827,-0.10690217157329453,-0.2182942796980509,-0.975882988606272,12,0,1,1,1,0,1,1,0,1,0,0,0,0,0,0,1,0,0,1,0,0,1,1,0,0,1,0,0,0,1,1,0
1,0.15758358645458428,0.9875056522775505,-0.9942694922962289,-0.1069026505237329,-0.21829429218845622,-0.9758829858123057,12,0,1,1,1,0,1,1,0,1,0,0,0,0,0,0,1,0,0,1,0,0,1,1,0,0,1,0,0,0,1,1,0
1,0.15765539947539037,0.9874941898645556,-0.9942694343317956,-0.10690318963216724,-0.21829432426608875,-0.9758829786368916,12,0,1,1,1,0,1,1,0,1,0,0,0,0,0,0,1,0,0,1,0,0,1,1,0,0,1,0,0,0,1,1,0
1,0.15772721166243642,0.9874827222292009,-0.9942693873132209,-0.10690362693469431,-0.2182943234144702,-0.9758829788273893,12,0,1,1,1,0,1,1,0,1,0,0,0,0,0,0,1,0,0,1,0,0,1,1,0,0,1,0,0,0,1,1,0
0,0.15779902301534257,0.9874712493715467,-0.9942693471358208,-0.10690400060853006,-0.2182943711051093,-0.9758829681595149,12,0,1,1,1,0,1,1,0,1,0,0,0,0,0,0,1,0,0,1,0,0,1,1,0,0,1,0,0,0,1,1,0
0,0.15787083353372913,0.987459771291654,-0.9942693067095025,-0.1069043765961204,-0.2182944065892153,-0.975882960222107,12,0,1,1,1,0,1,1,0,1,0,0,0,0,0,0,1,0,0,1,0,0,1,1,0,0,1,0,0,0,1,1,0
0,0.15794264321721627,0.9874482879895834,-0.9942692730000637,-0.10690469011191525,-0.21829444661528558,-0.9758829512687094,12,0,1,1,1,0,1,1,0,1,0,0,0,0,0,0,1,0,0,1,0,0,1,1,0,0,1,0,0,0,1,1,0
1,0.1580144520654242,0.9874367994653955,-0.9942692366783439,-0.10690502792227953,-0.21829448607361066,-0.9758829424423086,12,0,1,1,1,0,1,1,0,1,0,0,0,0,0,0,1,0,0,1,0,0,1,1,0,0,1,0,0,0,1,1,0
0,0.15808626007797322,0.9874253057191513,-0.9942691902187163,-0.10690546001873846,-0.21829457208708053,-0.9758829232020193,12,0,1,1,1,0,1,1,0,1,0,0,0,0,0,0,1,0,0,1,0,0,1,1,0,0,1,0,0,0,1,1,0
0,0.15815806725448353,0.9874138067509114,-0.9942691464954951,-0.10690586666371299,-0.21829463964881554,-0.9758829080891794,12,0,1,1,1,0,1,1,0,1,0,0,0,0,0,0,1,0,0,1,0,0,1,1,0,0,1,0,0,0,1,1,0
0,0.15822987359457544,0.9874023025607367,-0.9942691025855208,-0.10690627504399829,-0.21829469557176212,-0.9758828955798087,12,0,1,1,1,0,1,1,0,1,0,0,0,0,0,0,1,0,0,1,0,0,1,1,0,0,1,0,0,0,1,1,0
1,0.15830167909786913,0.987390793148688,-0.9942690550680227,-0.10690671697391765,-0.21829482643713422,-0.975882866306598,12,0,1,1,1,0,1,1,0,1,0,0,0,0,0,0,1,0,0,1,0,0,1,1,0,0,1,0,0,0,1,1,0
0,0.15837348376398488,0.9873792785148262,-0.9942690135211487,-0.10690710337335721,-0.21829495957348397,-0.9758828365253746,12,0,1,1,1,0,1,1,0,1,0,0,0,0,0,0,1,0,0,1,0,0,1,1,0,0,1,0,0,0,1,1,0
0,0.15844528759254295,0.9873677586592122,-0.994268967682582,-0.1069075296852969,-0.21829509725179483,-0.9758828057281415,12,0,1,1,1,0,1,1,0,1,0,0,0,0,0,0,1,0,0,1,0,0,1,1,0,0,1,0,0,0,1,1,0
0,0.15851709058316363,0.9873562335819069,-0.9942689236475317,-0.10690793922239228,-0.21829521420738743,-0.9758827795663528,12,0,1,1,1,0,1,1,0,1,0,0,0,0,0,0,1,0,0,1,0,0,1,1,0,0,1,0,0,0,1,1,0
1,0.15858889273546717,0.9873447032829712,-0.9942688746365712,-0.10690839503484423,-0.21829527154969144,-0.9758827667394514,12,0,1,1,1,0,1,1,0,1,0,0,0,0,0,0,1,0,0,1,0,0,1,1,0,0,1,0,0,0,1,1,0
1,0.15866069404907385,0.9873331677624662,-0.9942688204008483,-0.10690889943641535,-0.21829533258234082,-0.9758827530870525,12,0,1,1,1,0,1,1,0,1,0,0,0,0,0,0,1,0,0,1,0,0,1,1,0,0,1,0,0,0,1,1,0
1,0.15873249452360394,0.9873216270204528,-0.9942687610646843,-0.1069094512702117,-0.21829539134400672,-0.9758827399426465,12,0,1,1,1,0,1,1,0,1,0,0,0,0,0,0,1,0,0,1,0,0,1,1,0,0,1,0,0,0,1,1,0
1,0.1588042941586777,0.987310081056992,-0.9942686987427231,-0.10691003086919536,-0.2182955381062329,-0.9758827071133652,12,0,1,1,1,0,1,1,0,1,0,0,0,0,0,0,1,0,0,1,0,0,1,1,0,0,1,0,0,0,1,1,0
1,0.15887609295391547,0.9872985298721451,-0.9942686476160715,-0.10691050634857355,-0.2182956667005968,-0.9758826783480389,12,0,1,1,1,0,1,1,0,1,0,0,0,0,0,0,1,0,0,1,0,0,1,1,0,0,1,0,0,0,1,1,0
0,0.15894789090893754,0.9872869734659728,-0.9942685946854419,-0.10691099860274644,-0.21829576861091793,-0.9758826555516644,12,0,1,1,1,0,1,1,0,1,0,0,0,0,0,0,1,0,0,1,0,0,1,1,0,0,1,0,0,0,1,1,0
0,0.1590196880233642,0.9872754118385365,-0.9942685437449231,-0.10691147234674982,-0.21829579188848391,-0.9758826503446917,12,0,1,1,1,0,1,1,0,1,0,0,0,0,0,0,1,0,0,1,0,0,1,1,0,0,1,0,0,0,1,1,0
0,0.1590914842968157,0.9872638449898974,-0.9942684937371614,-0.10691193741409881,-0.218295912534404,-0.9758826233573236,12,0,1,1,1,0,1,1,0,1,0,0,0,0,0,0,1,0,0,1,0,0,1,1,0,0,1,0,0,0,1,1,0
1,0.1591632797289124,0.9872522729201164,-0.9942684561067993,-0.10691228737147972,-0.21829592190220448,-0.9758826212618332,12,0,1,1,1,0,1,1,0,1,0,0,0,0,0,0,1,0,0,1,0,0,1,1,0,0,1,0,0,0,1,1,0
0,0.15923507431927456,0.9872406956292549,-0.9942684161127422,-0.10691265930963889,-0.21829596306375224,-0.9758826120543745,12,0,1,1,1,0,1,1,0,1,0,0,0,0,0,0,1,0,0,1,0,0,1,1,0,0,1,0,0,0,1,1,0
1,0.15930686806752256,0.987229113117374,-0.99426837195118,-0.10691307000339084,-0.21829609960654048,-0.9758825815109988,12,0,1,1,1,0,1,1,0,1,0,0,0,0,0,0,1,0,0,1,0,0,1,1,0,0,1,0,0,0,1,1,0
0,0.1593786609732767,0.9872175253845351,-0.9942683379280016,-0.10691338641110024,-0.21829617000697868,-0.9758825657630554,12,0,1,1,1,0,1,1,0,1,0,0,0,0,0,0,1,0,0,1,0,0,1,1,0,0,1,0,0,0,1,1,0
1,0.1594504530361573,0.9872059324307995,-0.9942682896609432,-0.10691383528198257,-0.218296254317179,-0.9758825469036166,12,0,1,1,1,0,1,1,0,1,0,0,0,0,0,0,1,0,0,1,0,0,1,1,0,0,1,0,0,0,1,1,0
0,0.15952224425578462,0.9871943342562283,-0.994268239030074,-0.10691430613363073,-0.2182963854663762,-0.9758825175666973,12,0,1,1,1,0,1,1,0,1,0,0,0,0,0,0,1,0,0,1,0,0,1,1,0,0,1,0,0,0,1,1,0
0,0.15959403463177907,0.9871827308608829,-0.9942681867195683,-0.10691479260318275,-0.21829650469291592,-0.9758824908967553,12,0,1,1,1,0,1,1,0,1,0,0,0,0,0,0,1,0,0,1,0,0,1,1,0,0,1,0,0,0,1,1,0
1,0.159665824163761,0.9871711222448248,-0.9942681281887441,-0.10691533691688569,-0.21829659865478238,-0.9758824698782906,12,0,1,1,1,0,1,1,0,1,0,0,0,0,0,0,1,0,0,1,0,0,1,1,0,0,1,0,0,0,1,1,0
1,0.15973761285135069,0.9871595084081154,-0.9942680778059682,-0.10691580545469055,-0.21829662306783473,-0.9758824644172984,12,0,1,1,1,0,1,1,0,1,0,0,0,0,0,0,1,0,0,1,0,0,1,1,0,0,1,0,0,0,1,1,0
0,0.15980940069416855,0.9871478893508159,-0.994268019523395,-0.10691634745456718,-0.21829676102996576,-0.9758824335563306,12,0,1,1,1,0,1,1,0,1,0,0,0,0,0,0,1,0,0,1,0,0,1,1,0,0,1,0,0,0,1,1,0
0,0.15988118769183488,0.9871362650729879,-0.994267959063466,-0.10691690969986853,-0.21829691233410828,-0.9758823997108436,12,0,1,1,1,0,1,1,0,1,0,0,0,0,0,0,1,0,0,1,0,0,1,1,0,0,1,0,0,0,1,1,0
0,0.15995297384397003,0.9871246355746929,-0.9942679002826746,-0.10691745632721239,-0.2182969807474242,-0.9758823844073418,12,0,1,1,1,0,1,1,0,1,0,0,0,0,0,0,1,0,0,1,0,0,1,1,0,0,1,0,0,0,1,1,0
0,0.16002475915019437,0.9871130008559923,-0.9942678535688366,-0.10691789073685685,-0.21829706477373664,-0.9758823656113328,12,0,1,1,1,0,1,1,0,1,0,0,0,0,0,0,1,0,0,1,0,0,1,1,0,0,1,0,0,0,1,1,0
0,0.1600965436101283,0.9871013609169477,-0.9942678184866817,-0.10691821697790775,-0.21829714283872068,-0.9758823481488181,12,0,1,1,1,0,1,1,0,1,0,0,0,0,0,0,1,0,0,1,0,0,1,1,0,0,1,0,0,0,1,1,0
0,0.16016832722339214,0.9870897157576207,-0.9942677888782548,-0.10691849231609091,-0.21829720812943376,-0.9758823335438012,12,0,1,1,1,0,1,1,0,1,0,0,0,0,0,0,1,0,0,1,0,0,1,1,0,0,1,0,0,0,1,1,0
1,0.1602401099896063,0.9870780653780727,-0.9942677617578642,-0.10691874451660405,-0.21829733331727663,-0.9758823055402561,12,0,1,1,1,0,1,1,0,1,0,0,0,0,0,0,1,0,0,1,0,0,1,1,0,0,1,0,0,0,1,1,0
0,0.16031189190839112,0.9870664097783656,-0.9942677539203083,-0.10691881740023666,-0.21829749796341422,-0.9758822687101725,12,0,1,1,1,0,1,1,0,1,0,0,0,0,0,0,1,0,0,1,0,0,1,1,0,0,1,0,0,0,1,1,0
0,0.160383672979367,0.9870547489585608,-0.9942677525518456,-0.10691883012595008,-0.21829763393840917,-0.9758822382935823,12,0,1,1,1,0,1,1,0,1,0,0,0,0,0,0,1,0,0,1,0,0,1,1,0,0,1,0,0,0,1,1,0
1,0.16045545320215435,0.98704308291872,-0.9942677561596106,-0.10691879657634194,-0.21829769894524229,-0.9758822237520327,12,0,1,1,1,0,1,1,0,1,0,0,0,0,0,0,1,0,0,1,0,0,1,1,0,0,1,0,0,0,1,1,0
1,0.16052723257637358,0.9870314116589051,-0.9942677292879547,-0.10691904646308076,-0.21829780312649644,-0.9758822004474441,12,0,1,1,1,0,1,1,0,1,0,0,0,0,0,0,1,0,0,1,0,0,1,1,0,0,1,0,0,0,1,1,0
0,0.16059901110164496,0.9870197351791775,-0.9942676863678185,-0.10691944558771942,-0.21829805492150792,-0.9758821441226837,12,0,1,1,1,0,1,1,0,1,0,0,0,0,0,0,1,0,0,1,0,0,1,1,0,0,1,0,0,0,1,1,0
1,0.160670788777589,0.9870080534795992,-0.9942676561992211,-0.10691972613183916,-0.2182983691684747,-0.9758820738277676,12,0,1,1,1,0,1,1,0,1,0,0,0,0,0,0,1,0,0,1,0,0,1,1,0,0,1,0,0,0,1,1,0
0,0.1607425656038261,0.9869963665602319,-0.9942676333083562,-0.1069199389982993,-0.21829864566036666,-0.9758820119783178,12,0,1,1,1,0,1,1,0,1,0,0,0,0,0,0,1,0,0,1,0,0,1,1,0,0,1,0,0,0,1,1,0
1,0.1608143415799766,0.9869846744211374,-0.9942676125945724,-0.10692013161930428,-0.21829902150763375,-0.9758819279035807,12,0,1,1,1,0,1,1,0,1,0,0,0,0,0,0,1,0,0,1,0,0,1,1,0,0,1,0,0,0,1,1,0
1,0.16088611670566103,0.9869729770623775,-0.9942676091733733,-0.10692016343358327,-0.21829937521281176,-0.975881848781755,12,0,1,1,1,0,1,1,0,1,0,0,0,0,0,0,1,0,0,1,0,0,1,1,0,0,1,0,0,0,1,1,0
0,0.16095789098049967,0.9869612744840142,-0.994267607182857,-0.10692018194371004,-0.21829970450492614,-0.9758817751208708,12,0,1,1,1,0,1,1,0,1,0,0,0,0,0,0,1,0,0,1,0,0,1,1,0,0,1,0,0,0,1,1,0
1,0.16102966440411304,0.9869495666861092,-0.9942676096710023,-0.10692015880605266,-0.2183000227259883,-0.975881703936411,12,0,1,1,1,0,1,1,0,1,0,0,0,0,0,0,1,0,0,1,0,0,1,1,0,0,1,0,0,0,1,1,0
1,0.1611014369761215,0.9869378536687246,-0.9942676194991711,-0.10692006741230366,-0.218300327037277,-0.975881635863396,11,0,1,1,0,0,1,1,0,1,0,0,0,0,0,0,1,0,0,1,0,0,1,1,0,0,1,0,0,0,1,1,0
0,0.16117320869614554,0.9869261354319221,-0.9942676379114143,-0.10691989619363108,-0.2183006089226216,-0.9758815728068712,11,0,1,1,0,0,1,1,0,1,0,0,0,0,0,0,1,0,0,1,0,0,1,1,0,0,1,0,0,0,1,1,0
1,0.1612449795638056,0.9869144119757639,-0.9942676642856572,-0.10691965093444608,-0.21830098448584714,-0.9758814887948792,11,0,1,1,0,0,1,1,0,1,0,0,0,0,0,0,1,0,0,1,0,0,1,1,0,0,1,0,0,0,1,1,0
1,0.16131674957872205,0.986902683300312,-0.9942676773483492,-0.10691952946173541,-0.21830131803592503,-0.9758814141809331,11,0,1,1,0,0,1,1,0,1,0,0,0,0,0,0,1,0,0,1,0,0,1,1,0,0,1,0,0,0,1,1,0
1,0.16138851874051535,0.9868909494056283,-0.9942676775971623,-0.10691952714796951,-0.21830162121163432,-0.9758813463615196,11,0,1,1,0,0,1,1,0,1,0,0,0,0,0,0,1,0,0,1,0,0,1,1,0,0,1,0,0,0,1,1,0
0,0.16146028704880602,0.9868792102917748,-0.9942676853103639,-0.10691945542122458,-0.21830193460672714,-0.9758812762559594,12,0,1,1,1,0,1,1,0,1,0,0,0,0,0,0,1,0,0,1,0,0,1,1,0,0,1,0,0,0,1,1,0
0,0.16153205450321448,0.9868674659588138,-0.9942676909708553,-0.10691940278304803,-0.2183021807240535,-0.9758812212001636,12,0,1,1,1,0,1,1,0,1,0,0,0,0,0,0,1,0,0,1,0,0,1,1,0,0,1,0,0,0,1,1,0
1,0.16160382110336113,0.9868557164068072,-0.994267718464631,-0.10691914711190473,-0.21830238000243188,-0.975881176622069,12,0,1,1,1,0,1,1,0,1,0,0,0,0,0,0,1,0,0,1,0,0,1,1,0,0,1,0,0,0,1,1,0
0,0.16167558684886651,0.9868439616358173,-0.9942677351972362,-0.10691899151113675,-0.2183026150487123,-0.9758811240427256,12,0,1,1,1,0,1,1,0,1,0,0,0,0,0,0,1,0,0,1,0,0,1,1,0,0,1,0,0,0,1,1,0
1,0.16174735173935104,0.9868322016459063,-0.994267744278863,-0.10691890705867436,-0.21830284470140696,-0.9758810726698584,12,0,1,1,1,0,1,1,0,1,0,0,0,0,0,0,1,0,0,1,0,0,1,1,0,0,1,0,0,0,1,1,0
1,0.1618191157744352,0.9868204364371362,-0.9942677457717326,-0.10691889317607625,-0.21830311239297437,-0.9758810127876966,12,0,1,1,1,0,1,1,0,1,0,0,0,0,0,0,1,0,0,1,0,0,1,1,0,0,1,0,0,0,1,1,0
1,0.1618908789537395,0.9868086660095693,-0.9942677520542228,-0.10691883475348223,-0.21830342493634375,-0.9758809428721631,12,0,1,1,1,0,1,1,0,1,0,0,0,0,0,0,1,0,0,1,0,0,1,1,0,0,1,0,0,0,1,1,0
0,0.16196264127688437,0.9867968903632679,-0.9942677714614977,-0.10691865427972323,-0.2183036537373782,-0.9758808916896113,12,0,1,1,1,0,1,1,0,1,0,0,0,0,0,0,1,0,0,1,0,0,1,1,0,0,1,0,0,0,1,1,0
1,0.16203440274349035,0.9867851094982941,-0.9942677881940256,-0.10691849867894784,-0.21830403611327473,-0.9758808061523979,12,0,1,1,1,0,1,1,0,1,0,0,0,0,0,0,1,0,0,1,0,0,1,1,0,0,1,0,0,0,1,1,0
0,0.16210616335317787,0.9867733234147105,-0.9942677965291792,-0.10691842116777948,-0.21830438783094086,-0.9758807274732697,12,0,1,1,1,0,1,1,0,1,0,0,0,0,0,0,1,0,0,1,0,0,1,1,0,0,1,0,0,0,1,1,0
0,0.16217792310556742,0.9867615321125792,-0.9942678038690856,-0.10691835291167527,-0.21830474494214935,-0.9758806475874717,12,0,1,1,1,0,1,1,0,1,0,0,0,0,0,0,1,0,0,1,0,0,1,1,0,0,1,0,0,0,1,1,0
0,0.1622496820002796,0.9867497355919627,-0.9942678095917211,-0.10691829969505177,-0.21830513838896423,-0.9758805595732375,12,0,1,1,1,0,1,1,0,1,0,0,0,0,0,0,1,0,0,1,0,0,1,1,0,0,1,0,0,0,1,1,0
1,0.1623214400369348,0.9867379338529232,-0.9942678218456161,-0.10691818574206274,-0.21830549720334444,-0.9758804793061497,12,0,1,1,1,0,1,1,0,1,0,0,0,0,0,0,1,0,0,1,0,0,1,1,0,0,1,0,0,0,1,1,0
0,0.16239319721515358,0.9867261268955232,-0.9942678289988989,-0.10691811922128236,-0.21830567377180196,-0.975880439807582,12,0,1,1,1,0,1,1,0,1,0,0,0,0,0,0,1,0,0,1,0,0,1,1,0,0,1,0,0,0,1,1,0
0,0.16246495353455648,0.9867143147198253,-0.9942678433054513,-0.10691798617971926,-0.21830599000532455,-0.975880369065694,12,0,1,1,1,0,1,1,0,1,0,0,0,0,0,0,1,0,0,1,0,0,1,1,0,0,1,0,0,0,1,1,0
1,0.1625367089947639,0.9867024973258918,-0.9942678630857859,-0.10691780223529246,-0.21830636783906288,-0.9758802845436093,12,0,1,1,1,0,1,1,0,1,0,0,0,0,0,0,1,0,0,1,0,0,1,1,0,0,1,0,0,0,1,1,0
0,0.16260846359539652,0.9866906747137851,-0.9942678844211396,-0.10691760382982476,-0.2183066349626713,-0.9758802247874864,12,0,1,1,1,0,1,1,0,1,0,0,0,0,0,0,1,0,0,1,0,0,1,1,0,0,1,0,0,0,1,1,0
1,0.16268021733607477,0.986678846883568,-0.9942679058186561,-0.10691740484590857,-0.21830688136360404,-0.9758801696670023,11,0,1,1,0,0,1,1,0,1,0,0,0,0,0,0,1,0,0,1,0,0,1,1,0,0,1,0,0,0,1,1,0
0,0.16275197021641918,0.9866670138353029,-0.9942679264697099,-0.1069172128032884,-0.21830717318404547,-0.9758801043859799,11,0,1,1,0,0,1,1,0,1,0,0,0,0,0,0,1,0,0,1,0,0,1,1,0,0,1,0,0,0,1,1,0
0,0.16282372223605035,0.9866551755690524,-0.9942679502930178,-0.106916991260141,-0.21830747352062707,-0.9758800371997783,11,0,1,1,0,0,1,1,0,1,0,0,0,0,0,0,1,0,0,1,0,0,1,1,0,0,1,0,0,0,1,1,0
0,0.16289547339458874,0.986643332084879,-0.9942679746760914,-0.10691676451101256,-0.21830780196051383,-0.9758799637266712,11,0,1,1,0,0,1,1,0,1,0,0,0,0,0,0,1,0,0,1,0,0,1,1,0,0,1,0,0,0,1,1,0
1,0.16296722369165492,0.9866314833828455,-0.9942680001165389,-0.10691652792837118,-0.21830806624531493,-0.9758799046051881,11,0,1,1,0,0,1,1,0,1,0,0,0,0,0,0,1,0,0,1,0,0,1,1,0,0,1,0,0,0,1,1,0
1,0.16303897312686946,0.9866196294630144,-0.994268012681238,-0.10691641108315197,-0.21830831264616685,-0.9758798494843428,11,0,1,1,0,0,1,1,0,1,0,0,0,0,0,0,1,0,0,1,0,0,1,1,0,0,1,0,0,0,1,1,0
1,0.16311072169985294,0.9866077703254486,-0.9942680315904622,-0.10691623523687913,-0.21830860134392188,-0.9758797849014297,11,0,1,1,0,0,1,1,0,1,0,0,0,0,0,0,1,0,0,1,0,0,1,1,0,0,1,0,0,0,1,1,0
1,0.16318246941022582,0.9865959059702106,-0.9942680483848129,-0.10691607905762045,-0.21830888067388388,-0.9758797224140462,12,0,1,1,1,0,1,1,0,1,0,0,0,0,0,0,1,0,0,1,0,0,1,1,0,0,1,0,0,0,1,1,0
1,0.16325421625760875,0.9865840363973634,-0.9942680653657425,-0.10691592114303403,-0.21830922472661876,-0.9758796454477686,12,0,1,1,1,0,1,1,0,1,0,0,0,0,0,0,1,0,0,1,0,0,1,1,0,0,1,0,0,0,1,1,0
1,0.16332596224162224,0.9865721616069694,-0.9942680717102592,-0.1069158621419795,-0.21830954606957687,-0.9758795735616641,12,0,1,1,1,0,1,1,0,1,0,0,0,0,0,0,1,0,0,1,0,0,1,1,0,0,1,0,0,0,1,1,0
0,0.1633977073618869,0.9865602815990917,-0.9942680830930599,-0.10691575628714438,-0.21830984782535473,-0.9758795060572132,12,0,1,1,1,0,1,1,0,1,0,0,0,0,0,0,1,0,0,1,0,0,1,1,0,0,1,0,0,0,1,1,0
1,0.16346945161802334,0.9865483963737931,-0.9942680961552762,-0.10691563481438254,-0.21831012999395638,-0.9758794429344343,12,0,1,1,1,0,1,1,0,1,0,0,0,0,0,0,1,0,0,1,0,0,1,1,0,0,1,0,0,0,1,1,0
0,0.16354119500965206,0.9865365059311363,-0.9942680998873354,-0.10691560010787761,-0.21831040506574395,-0.9758793813991721,11,0,1,1,0,0,1,1,0,1,0,0,0,0,0,0,1,0,0,1,0,0,1,1,0,0,1,0,0,0,1,1,0
1,0.1636129375363937,0.9865246102711843,-0.9942681076002537,-0.10691552838110222,-0.21831070767307814,-0.9758793137039435,11,0,1,1,0,0,1,1,0,1,0,0,0,0,0,0,1,0,0,1,0,0,1,1,0,0,1,0,0,0,1,1,0
0,0.1636846791978688,0.986512709394,-0.9942681208490447,-0.10691540517301218,-0.21831099012549507,-0.9758792505174121,11,0,1,1,0,0,1,1,0,1,0,0,0,0,0,0,1,0,0,1,0,0,1,1,0,0,1,0,0,0,1,1,0
0,0.163756419993698,0.9865008032996464,-0.9942681366480528,-0.10691525824880647,-0.21831125951979397,-0.9758791902519908,11,0,1,1,0,0,1,1,0,1,0,0,0,0,0,0,1,0,0,1,0,0,1,1,0,0,1,0,0,0,1,1,0
0,0.16382815992350191,0.9864888919881863,-0.9942681483417927,-0.10691514950175657,-0.21831144346868372,-0.9758791491012705,11,0,1,1,0,0,1,1,0,1,0,0,0,0,0,0,1,0,0,1,0,0,1,1,0,0,1,0,0,0,1,1,0
0,0.1638998989869011,0.9864769754596828,-0.9942681566766851,-0.10691507199056104,-0.21831171626941434,-0.9758790880736725,11,0,1,1,0,0,1,1,0,1,0,0,0,0,0,0,1,0,0,1,0,0,1,1,0,0,1,0,0,0,1,1,0
0,0.16397163718351615,0.9864650537141989,-0.9942681749014662,-0.10691490250712125,-0.21831196494103453,-0.9758790324438703,11,0,1,1,0,0,1,1,0,1,0,0,0,0,0,0,1,0,0,1,0,0,1,1,0,0,1,0,0,0,1,1,0
1,0.16404337451296774,0.9864531267517976,-0.9942682043844981,-0.10691462832571476,-0.21831222809009582,-0.975878973575278,11,0,1,1,0,0,1,1,0,1,0,0,0,0,0,0,1,0,0,1,0,0,1,1,0,0,1,0,0,0,1,1,0
0,0.16411511097487644,0.9864411945725422,-0.9942682270254248,-0.10691441777290041,-0.21831249720044615,-0.9758789133730195,11,0,1,1,0,0,1,1,0,1,0,0,0,0,0,0,1,0,0,1,0,0,1,1,0,0,1,0,0,0,1,1,0
1,0.16418684656886295,0.9864292571764954,-0.9942682534605165,-0.10691417193512827,-0.21831268058154044,-0.975878872349075,11,0,1,1,0,0,1,1,0,1,0,0,0,0,0,0,1,0,0,1,0,0,1,1,0,0,1,0,0,0,1,1,0
0,0.1642585812945478,0.9864173145637207,-0.9942682769721468,-0.10691395328411711,-0.21831294231120038,-0.9758788137978129,11,0,1,1,0,0,1,1,0,1,0,0,0,0,0,0,1,0,0,1,0,0,1,1,0,0,1,0,0,0,1,1,0
1,0.1643303151515516,0.9864053667342811,-0.994268287359545,-0.10691385668432941,-0.21831333291855942,-0.9758787264153217,11,0,1,1,0,0,1,1,0,1,0,0,0,0,0,0,1,0,0,1,0,0,1,1,0,0,1,0,0,0,1,1,0
0,0.1644020481394951,0.9863934136882399,-0.994268297560334,-0.1069137618198671,-0.21831367640319999,-0.9758786495744842,11,0,1,1,0,0,1,1,0,1,0,0,0,0,0,0,1,0,0,1,0,0,1,1,0,0,1,0,0,0,1,1,0
0,0.1644737802579989,0.9863814554256601,-0.9942683165312893,-0.10691358539510203,-0.2183139364295699,-0.9758785914039849,11,0,1,1,0,0,1,1,0,1,0,0,0,0,0,0,1,0,0,1,0,0,1,1,0,0,1,0,0,0,1,1,0
0,0.1645455115066836,0.9863694919466051,-0.9942683315214321,-0.10691344599061241,-0.2183142651528429,-0.9758785178651973,11,0,1,1,0,0,1,1,0,1,0,0,0,0,0,0,1,0,0,1,0,0,1,1,0,0,1,0,0,0,1,1,0
0,0.16461724188516988,0.9863575232511381,-0.9942683531047152,-0.10691324527128289,-0.21831460494707938,-0.9758784418495987,11,0,1,1,0,0,1,1,0,1,0,0,0,0,0,0,1,0,0,1,0,0,1,1,0,0,1,0,0,0,1,1,0
0,0.1646889713930784,0.9863455493393225,-0.9942683833958827,-0.10691296357008274,-0.21831492628964116,-0.9758783699617225,11,0,1,1,0,0,1,1,0,1,0,0,0,0,0,0,1,0,0,1,0,0,1,1,0,0,1,0,0,0,1,1,0
1,0.1647607000300298,0.9863335702112215,-0.9942684098306147,-0.10691271773227372,-0.21831515991588857,-0.9758783176968837,11,0,1,1,0,0,1,1,0,1,0,0,0,0,0,0,1,0,0,1,0,0,1,1,0,0,1,0,0,0,1,1,0
1,0.16483242779564475,0.9863215858668984,-0.9942684261890186,-0.1069125656020481,-0.21831538758082164,-0.9758782667656021,11,0,1,1,0,0,1,1,0,1,0,0,0,0,0,0,1,0,0,1,0,0,1,1,0,0,1,0,0,0,1,1,0
1,0.16490415468954392,0.9863095963064168,-0.9942684430449918,-0.1069124088442864,-0.21831569472975348,-0.9758781980527411,11,0,1,1,0,0,1,1,0,1,0,0,0,0,0,0,1,0,0,1,0,0,1,1,0,0,1,0,0,0,1,1,0
1,0.164975880711348,0.98629760152984,-0.9942684543030268,-0.1069123041462956,-0.2183159212591733,-0.9758781473753567,11,0,1,1,0,0,1,1,0,1,0,0,0,0,0,0,1,0,0,1,0,0,1,1,0,0,1,0,0,0,1,1,0
1,0.16504760586067765,0.9862856015372314,-0.9942684680490101,-0.10691217631062626,-0.21831616198215303,-0.9758780935226399,11,0,1,1,0,0,1,1,0,1,0,0,0,0,0,0,1,0,0,1,0,0,1,1,0,0,1,0,0,0,1,1,0
1,0.16511933013715352,0.9862735963286545,-0.9942684759482782,-0.10691210284849936,-0.21831651341497008,-0.9758780149026471,11,0,1,1,0,0,1,1,0,1,0,0,0,0,0,0,1,0,0,1,0,0,1,1,0,0,1,0,0,0,1,1,0
0,0.16519105354039637,0.9862615859041728,-0.9942684889478495,-0.10691198195412971,-0.21831685065418902,-0.9758779394578179,11,0,1,1,0,0,1,1,0,1,0,0,0,0,0,0,1,0,0,1,0,0,1,1,0,0,1,0,0,0,1,1,0
1,0.16526277607002685,0.9862495702638496,-0.9942685041865624,-0.10691184023584897,-0.21831718193208377,-0.9758778653464958,11,0,1,1,0,0,1,1,0,1,0,0,0,0,0,0,1,0,0,1,0,0,1,1,0,0,1,0,0,0,1,1,0
1,0.16533449772566564,0.9862375494077489,-0.9942685209180241,-0.10691168463495802,-0.21831745189374252,-0.9758778049523533,11,0,1,1,0,0,1,1,0,1,0,0,0,0,0,0,1,0,0,1,0,0,1,1,0,0,1,0,0,0,1,1,0
0,0.16540621850693346,0.9862255233359338,-0.9942685329223663,-0.10691157299565623,-0.21831766053917756,-0.9758777582754412,11,0,1,1,0,0,1,1,0,1,0,0,0,0,0,0,1,0,0,1,0,0,1,1,0,0,1,0,0,0,1,1,0
0,0.16547793841345101,0.9862134920484682,-0.9942685418167673,-0.10691149027845115,-0.21831786918460214,-0.9758777115984846,11,0,1,1,0,0,1,1,0,1,0,0,0,0,0,0,1,0,0,1,0,0,1,1,0,0,1,0,0,0,1,1,0
1,0.165549657444839,0.9862014555454157,-0.9942685506489627,-0.10691140813968907,-0.21831810706876098,-0.9758776583803489,11,0,1,1,0,0,1,1,0,1,0,0,0,0,0,0,1,0,0,1,0,0,1,1,0,0,1,0,0,0,1,1,0
0,0.16562137560071813,0.9861894138268398,-0.9942685684999286,-0.10691124212683498,-0.218318302088343,-0.9758776147515953,11,0,1,1,0,0,1,1,0,1,0,0,0,0,0,0,1,0,0,1,0,0,1,1,0,0,1,0,0,0,1,1,0
1,0.16569309288070916,0.9861773668928042,-0.9942685889009987,-0.10691105239785484,-0.21831856069508127,-0.9758775568973949,11,0,1,1,0,0,1,1,0,1,0,0,0,0,0,0,1,0,0,1,0,0,1,1,0,0,1,0,0,0,1,1,0
1,0.1657648092844328,0.9861653147433729,-0.9942686101106093,-0.10691085514912459,-0.21831878949532274,-0.9758775057112942,11,0,1,1,0,0,1,1,0,1,0,0,0,0,0,0,1,0,0,1,0,0,1,1,0,0,1,0,0,0,1,1,0
0,0.16583652481150973,0.9861532573786093,-0.9942686334971141,-0.10691063765491905,-0.21831903135362912,-0.9758774516038441,11,0,1,1,0,0,1,1,0,1,0,0,0,0,0,0,1,0,0,1,0,0,1,1,0,0,1,0,0,0,1,1,0
0,0.16590823946156072,0.9861411947985772,-0.9942686568835714,-0.10691042016070754,-0.21831934134101616,-0.9758773822547713,11,0,1,1,0,0,1,1,0,1,0,0,0,0,0,0,1,0,0,1,0,0,1,1,0,0,1,0,0,0,1,1,0
0,0.1659799532342065,0.9861291270033405,-0.9942686729928321,-0.10691027034421323,-0.2183196910703499,-0.9758773040146732,11,0,1,1,0,0,1,1,0,1,0,0,0,0,0,0,1,0,0,1,0,0,1,1,0,0,1,0,0,0,1,1,0
1,0.16605166612906785,0.9861170539929631,-0.994268693269321,-0.10691008177209906,-0.21831993094150806,-0.9758772503515466,11,0,1,1,0,0,1,1,0,1,0,0,0,0,0,0,1,0,0,1,0,0,1,1,0,0,1,0,0,0,1,1,0
1,0.16612337814576547,0.9861049757675088,-0.9942687065174373,-0.10690995856393468,-0.21832024121270233,-0.9758771809386811,11,0,1,1,0,0,1,1,0,1,0,0,0,0,0,0,1,0,0,1,0,0,1,1,0,0,1,0,0,0,1,1,0
0,0.16619508928392013,0.9860928923270412,-0.9942687341953771,-0.10690970115720308,-0.2183204802322168,-0.9758771274659399,11,0,1,1,0,0,1,1,0,1,0,0,0,0,0,0,1,0,0,1,0,0,1,1,0,0,1,0,0,0,1,1,0
1,0.16626679954315257,0.9860808036716247,-0.9942687451421395,-0.10690959935139299,-0.21832080611628418,-0.9758770545600177,11,0,1,1,0,0,1,1,0,1,0,0,0,0,0,0,1,0,0,1,0,0,1,1,0,0,1,0,0,0,1,1,0
0,0.16633850892308355,0.9860687098013228,-0.9942687685905669,-0.10690938127871494,-0.21832101050349126,-0.9758770088349937,11,0,1,1,0,0,1,1,0,1,0,0,0,0,0,0,1,0,0,1,0,0,1,1,0,0,1,0,0,0,1,1,0
1,0.16641021742333387,0.9860566107161995,-0.9942687689015538,-0.1069093783865035,-0.21832136789721093,-0.9758769288796055,11,0,1,1,0,0,1,1,0,1,0,0,0,0,0,0,1,0,0,1,0,0,1,1,0,0,1,0,0,0,1,1,0
1,0.16648192504352427,0.9860445064163191,-0.9942687915413688,-0.10690916783356871,-0.21832163927796597,-0.9758768681667691,11,0,1,1,0,0,1,1,0,1,0,0,0,0,0,0,1,0,0,1,0,0,1,1,0,0,1,0,0,0,1,1,0
0,0.1665536317832755,0.9860323969017454,-0.9942688110712831,-0.10690898620273767,-0.2183219214458049,-0.9758768050405808,11,0,1,1,0,0,1,1,0,1,0,0,0,0,0,0,1,0,0,1,0,0,1,1,0,0,1,0,0,0,1,1,0
0,0.1666253376422084,0.9860202821725423,-0.9942688239460813,-0.10690886646521156,-0.21832217834910198,-0.9758767475664655,11,0,1,1,0,0,1,1,0,1,0,0,0,0,0,0,1,0,0,1,0,0,1,1,0,0,1,0,0,0,1,1,0
0,0.16669704261994372,0.9860081622287742,-0.9942688313475286,-0.10690879763059553,-0.2183225113298182,-0.9758766730722901,11,0,1,1,0,0,1,1,0,1,0,0,0,0,0,0,1,0,0,1,0,0,1,1,0,0,1,0,0,0,1,1,0
1,0.16676874671610226,0.985996037070505,-0.9942688414856381,-0.10690870334452258,-0.21832284686534834,-0.9758765980064332,11,0,1,1,0,0,1,1,0,1,0,0,0,0,0,0,1,0,0,1,0,0,1,1,0,0,1,0,0,0,1,1,0
1,0.16684044993030483,0.9859839066977987,-0.9942688597093335,-0.10690853386096695,-0.21832320028472274,-0.9758765189394798,11,0,1,1,0,0,1,1,0,1,0,0,0,0,0,0,1,0,0,1,0,0,1,1,0,0,1,0,0,0,1,1,0
1,0.16691215226217213,0.9859717711107198,-0.9942688755695228,-0.10690838635821166,-0.21832357300729388,-0.9758764355538712,11,0,1,1,0,0,1,1,0,1,0,0,0,0,0,0,1,0,0,1,0,0,1,1,0,0,1,0,0,0,1,1,0
0,0.1669838537113251,0.9859596303093321,-0.9942688984579143,-0.10690817349148554,-0.21832381458146413,-0.9758763815087433,11,0,1,1,0,0,1,1,0,1,0,0,0,0,0,0,1,0,0,1,0,0,1,1,0,0,1,0,0,0,1,1,0
0,0.16705555427738444,0.9859474842937,-0.9942689251402481,-0.1069079253397786,-0.21832401073627464,-0.9758763376248176,11,0,1,1,0,0,1,1,0,1,0,0,0,0,0,0,1,0,0,1,0,0,1,1,0,0,1,0,0,0,1,1,0
0,0.16712725395997102,0.9859353330638878,-0.9942689476553626,-0.10690771594369515,-0.21832435961362046,-0.9758762595735704,11,0,1,1,0,0,1,1,0,1,0,0,0,0,0,0,1,0,0,1,0,0,1,1,0,0,1,0,0,0,1,1,0
0,0.16719895275870567,0.9859231766199597,-0.9942689712277695,-0.10690749671408911,-0.21832455264582593,-0.9758762163881237,11,0,1,1,0,0,1,1,0,1,0,0,0,0,0,0,1,0,0,1,0,0,1,1,0,0,1,0,0,0,1,1,0
0,0.16727065067320912,0.9859110149619799,-0.9942689963550311,-0.10690726302342182,-0.2183248700134629,-0.9758761453860856,11,0,1,1,0,0,1,1,0,1,0,0,0,0,0,0,1,0,0,1,0,0,1,1,0,0,1,0,0,0,1,1,0
1,0.1673423477031023,0.9858988480900127,-0.9942690053112696,-0.10690717972773593,-0.21832522683912467,-0.9758760655563005,11,0,1,1,0,0,1,1,0,1,0,0,0,0,0,0,1,0,0,1,0,0,1,1,0,0,1,0,0,0,1,1,0
1,0.16741404384800598,0.9858866760041226,-0.9942690122150319,-0.10690711552064537,-0.21832556237444506,-0.97587599048951,11,0,1,1,0,0,1,1,0,1,0,0,0,0,0,0,1,0,0,1,0,0,1,1,0,0,1,0,0,0,1,1,0
0,0.16748573910754103,0.9858744987043739,-0.9942690324287267,-0.10690692752690824,-0.21832571736790948,-0.9758759558139486,11,0,1,1,0,0,1,1,0,1,0,0,0,0,0,0,1,0,0,1,0,0,1,1,0,0,1,0,0,0,1,1,0
0,0.1675574334813283,0.9858623161908311,-0.9942690487240486,-0.10690677597503052,-0.21832592885165705,-0.9758759085001849,11,0,1,1,0,0,1,1,0,1,0,0,0,0,0,0,1,0,0,1,0,0,1,1,0,0,1,0,0,0,1,1,0
0,0.16762912696898857,0.9858501284635585,-0.9942690721718569,-0.10690655790228588,-0.21832619994825714,-0.9758758478495887,11,0,1,1,0,0,1,1,0,1,0,0,0,0,0,0,1,0,0,1,0,0,1,1,0,0,1,0,0,0,1,1,0
0,0.1677008195701427,0.9858379355226204,-0.9942690951220524,-0.10690634445707627,-0.2183265042577197,-0.9758757797684109,11,0,1,1,0,0,1,1,0,1,0,0,0,0,0,0,1,0,0,1,0,0,1,1,0,0,1,0,0,0,1,1,0
0,0.16777251128441162,0.9858257373680817,-0.9942691187563525,-0.10690612464899363,-0.21832690423159912,-0.9758756902847033,11,0,1,1,0,0,1,1,0,1,0,0,0,0,0,0,1,0,0,1,0,0,1,1,0,0,1,0,0,0,1,1,0
0,0.16784420211141612,0.9858135340000066,-0.9942691566333265,-0.10690577237761104,-0.21832722159906587,-0.9758756192819003,11,0,1,1,0,0,1,1,0,1,0,0,0,0,0,0,1,0,0,1,0,0,1,1,0,0,1,0,0,0,1,1,0
1,0.1679158920507771,0.9858013254184597,-0.9942691905918869,-0.10690545654808345,-0.21832756678583645,-0.975875542055121,11,0,1,1,0,0,1,1,0,1,0,0,0,0,0,0,1,0,0,1,0,0,1,1,0,0,1,0,0,0,1,1,0
0,0.1679875811021154,0.9857891116235055,-0.9942692034662598,-0.1069053368105134,-0.21832790743064873,-0.9758754658443638,11,0,1,1,0,0,1,1,0,1,0,0,0,0,0,0,1,0,0,1,0,0,1,1,0,0,1,0,0,0,1,1,0
1,0.16805926926505185,0.9857768926152087,-0.9942692069491795,-0.10690530441774015,-0.21832818647550425,-0.9758754034149634,11,0,1,1,0,0,1,1,0,1,0,0,0,0,0,0,1,0,0,1,0,0,1,1,0,0,1,0,0,0,1,1,0
0,0.16813095653920745,0.985764668393634,-0.9942692235552285,-0.10690514997362398,-0.21832840931395764,-0.9758753535602982,11,0,1,1,0,0,1,1,0,1,0,0,0,0,0,0,1,0,0,1,0,0,1,1,0,0,1,0,0,0,1,1,0
1,0.16820264292420298,0.9857524389588458,-0.9942692428978246,-0.10690497007804028,-0.21832870226844134,-0.9758752880188013,11,0,1,1,0,0,1,1,0,1,0,0,0,0,0,0,1,0,0,1,0,0,1,1,0,0,1,0,0,0,1,1,0
1,0.1682743284196594,0.985740204310909,-0.9942692550258023,-0.10690485728177175,-0.21832897109390517,-0.9758752278755091,11,0,1,1,0,0,1,1,0,1,0,0,0,0,0,0,1,0,0,1,0,0,1,1,0,0,1,0,0,0,1,1,0
0,0.16834601302519753,0.9857279644498882,-0.9942692577001753,-0.10690483240874796,-0.21832918257749456,-0.9758751805610403,11,0,1,1,0,0,1,1,0,1,0,0,0,0,0,0,1,0,0,1,0,0,1,1,0,0,1,0,0,0,1,1,0
1,0.1684176967404383,0.9857157193758481,-0.9942692657232901,-0.10690475778967704,-0.218329442886812,-0.9758751223228996,11,0,1,1,0,0,1,1,0,1,0,0,0,0,0,0,1,0,0,1,0,0,1,1,0,0,1,0,0,0,1,1,0
1,0.16848937956500257,0.9857034690888535,-0.9942692745549294,-0.10690467565085428,-0.21832966856390623,-0.9758750718328524,11,0,1,1,0,0,1,1,0,1,0,0,0,0,0,0,1,0,0,1,0,0,1,1,0,0,1,0,0,0,1,1,0
0,0.16856106149851133,0.9856912135889693,-0.9942692748037079,-0.10690467333708466,-0.21832995044735437,-0.9758750087678523,11,0,1,1,0,0,1,1,0,1,0,0,0,0,0,0,1,0,0,1,0,0,1,1,0,0,1,0,0,0,1,1,0
1,0.16863274254058544,0.9856789528762602,-0.9942693008010288,-0.10690443154815127,-0.21833033395642826,-0.9758749229662962,11,0,1,1,0,0,1,1,0,1,0,0,0,0,0,0,1,0,0,1,0,0,1,1,0,0,1,0,0,0,1,1,0
1,0.16870442269084582,0.9856666869507908,-0.9942693111253074,-0.10690433552670742,-0.21833068680745507,-0.9758748440236509,11,0,1,1,0,0,1,1,0,1,0,0,0,0,0,0,1,0,0,1,0,0,1,1,0,0,1,0,0,0,1,1,0
1,0.16877610194891338,0.9856544158126265,-0.9942693486906765,-0.106903986147468,-0.2183310433487701,-0.9758747642552488,11,0,1,1,0,0,1,1,0,1,0,0,0,0,0,0,1,0,0,1,0,0,1,1,0,0,1,0,0,0,1,1,0
0,0.16884778031440903,0.9856421394618318,-0.9942693733817546,-0.10690375650580836,-0.21833135333530393,-0.9758746949023602,11,0,1,1,0,0,1,1,0,1,0,0,0,0,0,0,1,0,0,1,0,0,1,1,0,0,1,0,0,0,1,1,0
1,0.16891945778695378,0.9856298578984717,-0.9942693749366064,-0.10690374204474769,-0.21833161591545433,-0.9758746361555599,11,0,1,1,0,0,1,1,0,1,0,0,0,0,0,0,1,0,0,1,0,0,1,1,0,0,1,0,0,0,1,1,0
0,0.16899113436616847,0.9856175711226112,-0.9942693715159318,-0.10690377385908306,-0.21833185351499393,-0.9758745829975833,11,0,1,1,0,0,1,1,0,1,0,0,0,0,0,0,1,0,0,1,0,0,1,1,0,0,1,0,0,0,1,1,0
0,0.1690628100516741,0.9856052791343153,-0.9942693843901022,-0.10690365412149035,-0.21833218961754577,-0.9758745078014939,11,0,1,1,0,0,1,1,0,1,0,0,0,0,0,0,1,0,0,1,0,0,1,1,0,0,1,0,0,0,1,1,0
0,0.16913448484309154,0.985592981933649,-0.9942694151139094,-0.10690336837090061,-0.21833252316523805,-0.975874433176882,11,0,1,1,0,0,1,1,0,1,0,0,0,0,0,0,1,0,0,1,0,0,1,1,0,0,1,0,0,0,1,1,0
0,0.16920615874004183,0.9855806795206772,-0.9942694442827921,-0.10690309708136551,-0.21833280050657625,-0.9758743711272243,11,0,1,1,0,0,1,1,0,1,0,0,0,0,0,0,1,0,0,1,0,0,1,1,0,0,1,0,0,0,1,1,0
1,0.16927783174214583,0.9855683718954651,-0.9942694720833428,-0.106902838517557,-0.2183330809704708,-0.975874308378872,11,0,1,1,0,0,1,1,0,1,0,0,0,0,0,0,1,0,0,1,0,0,1,1,0,0,1,0,0,0,1,1,0
1,0.1693495038490246,0.9855560590580777,-0.9942694950949332,-0.106902624493819,-0.21833326321521848,-0.975874267605102,11,0,1,1,0,0,1,1,0,1,0,0,0,0,0,0,1,0,0,1,0,0,1,1,0,0,1,0,0,0,1,1,0
1,0.16942117506029902,0.9855437410085802,-0.9942695151833923,-0.10690243765687477,-0.21833344375673674,-0.9758742272123615,11,0,1,1,0,0,1,1,0,1,0,0,0,0,0,0,1,0,0,1,0,0,1,1,0,0,1,0,0,0,1,1,0
1,0.16949284537559012,0.9855314177470378,-0.9942695325353147,-0.10690227627140006,-0.21833387211700755,-0.9758741313747353,11,0,1,1,0,0,1,1,0,1,0,0,0,0,0,0,1,0,0,1,0,0,1,1,0,0,1,0,0,0,1,1,0
1,0.1695645147945188,0.9855190892735155,-0.9942695518773909,-0.10690209637576045,-0.2183341900517065,-0.9758740602426449,11,0,1,1,0,0,1,1,0,1,0,0,0,0,0,0,1,0,0,1,0,0,1,1,0,0,1,0,0,0,1,1,0
0,0.16963618331670607,0.9855067555880787,-0.9942695669281157,-0.10690195639265505,-0.21833448385741352,-0.9758739945088797,11,0,1,1,0,0,1,1,0,1,0,0,0,0,0,0,1,0,0,1,0,0,1,1,0,0,1,0,0,0,1,1,0
0,0.16970785094177296,0.9854944166907923,-0.9942695776875061,-0.10690185632208743,-0.21833472088905603,-0.9758739414772268,11,0,1,1,0,0,1,1,0,1,0,0,0,0,0,0,1,0,0,1,0,0,1,1,0,0,1,0,0,0,1,1,0
0,0.1697795176693404,0.9854820725817218,-0.994269583160487,-0.10690180541913934,-0.21833494003686252,-0.9758738924467134,12,0,1,1,1,0,1,1,0,1,0,0,0,0,0,0,1,0,0,1,0,0,1,1,0,0,1,0,0,0,1,1,0
0,0.16985118349902936,0.9854697232609326,-0.9942695763192605,-0.10690186904782419,-0.21833526591984959,-0.9758738195359626,12,0,1,1,1,0,1,1,0,1,0,0,0,0,0,0,1,0,0,1,0,0,1,1,0,0,1,0,0,0,1,1,0
0,0.1699228484304609,0.9854573687284898,-0.9942695769411903,-0.1069018632633984,-0.21833555745452196,-0.9758737543099636,12,0,1,1,1,0,1,1,0,1,0,0,0,0,0,0,1,0,0,1,0,0,1,1,0,0,1,0,0,0,1,1,0
0,0.16999451246325598,0.9854450089844587,-0.9942695918674966,-0.10690172443717465,-0.2183357907957942,-0.9758737021036971,12,0,1,1,1,0,1,1,0,1,0,0,0,0,0,0,1,0,0,1,0,0,1,1,0,0,1,0,0,0,1,1,0
1,0.17006617559703557,0.9854326440289048,-0.9942696104009666,-0.1069015520612781,-0.21833602243383277,-0.975873650278443,12,0,1,1,1,0,1,1,0,1,0,0,0,0,0,0,1,0,0,1,0,0,1,1,0,0,1,0,0,0,1,1,0
0,0.1701378378314208,0.9854202738618935,-0.9942696199164612,-0.1069014635595591,-0.2183362668460147,-0.975873595595119,12,0,1,1,1,0,1,1,0,1,0,0,0,0,0,0,1,0,0,1,0,0,1,1,0,0,1,0,0,0,1,1,0
1,0.17020949916603256,0.9854078984834901,-0.9942696336610509,-0.106901335723739,-0.2183364953614573,-0.9758735444683785,12,0,1,1,1,0,1,1,0,1,0,0,0,0,0,0,1,0,0,1,0,0,1,1,0,0,1,0,0,0,1,1,0
0,0.17028115960049192,0.9853955178937601,-0.9942696354024457,-0.10690131952734581,-0.21833690470213216,-0.9758734528846924,12,0,1,1,1,0,1,1,0,1,0,0,0,0,0,0,1,0,0,1,0,0,1,1,0,0,1,0,0,0,1,1,0
0,0.1703528191344199,0.9853831320927691,-0.9942696465349277,-0.1069012159861147,-0.21833721837856057,-0.9758733827042896,12,0,1,1,1,0,1,1,0,1,0,0,0,0,0,0,1,0,0,1,0,0,1,1,0,0,1,0,0,0,1,1,0
1,0.17042447776743752,0.9853707410805824,-0.9942696625184164,-0.10690106732635742,-0.21833752070016418,-0.9758733150642585,12,0,1,1,1,0,1,1,0,1,0,0,0,0,0,0,1,0,0,1,0,0,1,1,0,0,1,0,0,0,1,1,0
1,0.17049613549916587,0.9853583448572657,-0.9942696738996418,-0.1069009614713538,-0.21833772593819856,-0.975873269145198,11,0,1,1,0,0,1,1,0,1,0,0,0,0,0,0,1,0,0,1,0,0,1,1,0,0,1,0,0,0,1,1,0
0,0.1705677923292259,0.9853459434228844,-0.9942696633891116,-0.1069010592281606,-0.21833794991164418,-0.9758732190343069,11,0,1,1,0,0,1,1,0,1,0,0,0,0,0,0,1,0,0,1,0,0,1,1,0,0,1,0,0,0,1,1,0
0,0.17063944825723867,0.9853335367775041,-0.9942696480897428,-0.1069012015250483,-0.21833812165299862,-0.975873180609571,11,0,1,1,0,0,1,1,0,1,0,0,0,0,0,0,1,0,0,1,0,0,1,1,0,0,1,0,0,0,1,1,0
1,0.1707111032828253,0.9853211249211906,-0.9942696122667505,-0.10690153470799922,-0.2183385309935213,-0.9758730890252026,11,0,1,1,0,0,1,1,0,1,0,0,0,0,0,0,1,0,0,1,0,0,1,1,0,0,1,0,0,0,1,1,0
1,0.17078275740560678,0.9853087078540094,-0.9942695737693478,-0.1069018927639708,-0.2183388969019029,-0.9758730071580319,11,0,1,1,0,0,1,1,0,1,0,0,0,0,0,0,1,0,0,1,0,0,1,1,0,0,1,0,0,0,1,1,0
1,0.1708544106252042,0.9852962855760262,-0.9942695475860649,-0.10690213628829826,-0.2183390740367488,-0.9758729675263964,11,0,1,1,0,0,1,1,0,1,0,0,0,0,0,0,1,0,0,1,0,0,1,1,0,0,1,0,0,0,1,1,0
0,0.17092606294123858,0.9852838580873066,-0.9942695280574019,-0.10690231791926386,-0.21833955008661138,-0.9758728610162166,11,0,1,1,0,0,1,1,0,1,0,0,0,0,0,0,1,0,0,1,0,0,1,1,0,0,1,0,0,0,1,1,0
1,0.17099771435333103,0.9852714253879165,-0.9942695097103792,-0.10690248855981849,-0.21833982714363373,-0.9758727990280742,11,0,1,1,0,0,1,1,0,1,0,0,0,0,0,0,1,0,0,1,0,0,1,1,0,0,1,0,0,0,1,1,0
1,0.17106936486110258,0.9852589874779214,-0.9942694900572647,-0.10690267134766399,-0.21834004402022383,-0.9758727505045146,11,0,1,1,0,0,1,1,0,1,0,0,0,0,0,0,1,0,0,1,0,0,1,1,0,0,1,0,0,0,1,1,0
0,0.17114101446417432,0.9852465443573873,-0.9942694825318543,-0.10690274133921243,-0.218340218316325,-0.9758727115077968,11,0,1,1,0,0,1,1,0,1,0,0,0,0,0,0,1,0,0,1,0,0,1,1,0,0,1,0,0,0,1,1,0
0,0.17121266316216738,0.98523409602638,-0.9942694905548123,-0.10690266672012463,-0.21834046272827223,-0.9758726568234218,11,0,1,1,0,0,1,1,0,1,0,0,0,0,0,0,1,0,0,1,0,0,1,1,0,0,1,0,0,0,1,1,0
0,0.17128431095470278,0.9852216424849652,-0.994269511327406,-0.10690247352031242,-0.218340838571935,-0.9758725727325798,11,0,1,1,0,0,1,1,0,1,0,0,0,0,0,0,1,0,0,1,0,0,1,1,0,0,1,0,0,0,1,1,0
0,0.17135595784140165,0.9852091837332089,-0.9942695191637639,-0.10690240063655099,-0.21834124762833335,-0.9758724812105846,11,0,1,1,0,0,1,1,0,1,0,0,0,0,0,0,1,0,0,1,0,0,1,1,0,0,1,0,0,0,1,1,0
1,0.17142760382188504,0.9851967197711768,-0.9942695363291008,-0.1069022409864033,-0.2183416240396693,-0.975872396992414,11,0,1,1,0,0,1,1,0,1,0,0,0,0,0,0,1,0,0,1,0,0,1,1,0,0,1,0,0,0,1,1,0
1,0.17149924889577414,0.9851842505989351,-0.9942695475238719,-0.10690213686673994,-0.21834198370265753,-0.9758723165213717,11,0,1,1,0,0,1,1,0,1,0,0,0,0,0,0,1,0,0,1,0,0,1,1,0,0,1,0,0,0,1,1,0
1,0.17157089306268997,0.9851717762165495,-0.994269569353644,-0.10690193383339376,-0.21834217361151642,-0.9758722740310837,11,0,1,1,0,0,1,1,0,1,0,0,0,0,0,0,1,0,0,1,0,0,1,1,0,0,1,0,0,0,1,1,0
0,0.17164253632225368,0.985159296624086,-0.9942695855860118,-0.10690178285987767,-0.21834242937814227,-0.9758722168056897,11,0,1,1,0,0,1,1,0,1,0,0,0,0,0,0,1,0,0,1,0,0,1,1,0,0,1,0,0,0,1,1,0
1,0.17171417867408637,0.9851468118216107,-0.9942695897529378,-0.10690174410422351,-0.21834268684797176,-0.9758721591991486,11,0,1,1,0,0,1,1,0,1,0,0,0,0,0,0,1,0,0,1,0,0,1,1,0,0,1,0,0,0,1,1,0
1,0.17178582011780916,0.9851343218091895,-0.9942695875761856,-0.10690176434971406,-0.21834300563363765,-0.9758720878736461,11,0,1,1,0,0,1,1,0,1,0,0,0,0,0,0,1,0,0,1,0,0,1,1,0,0,1,0,0,0,1,1,0
1,0.17185746065304316,0.9851218265868885,-0.9942695963453847,-0.10690168278930728,-0.21834330568388288,-0.9758720207399301,11,0,1,1,0,0,1,1,0,1,0,0,0,0,0,0,1,0,0,1,0,0,1,1,0,0,1,0,0,0,1,1,0
1,0.17192910027940952,0.9851093261547739,-0.9942696074157117,-0.10690157982652372,-0.2183436531403381,-0.9758719429993526,11,0,1,1,0,0,1,1,0,1,0,0,0,0,0,0,1,0,0,1,0,0,1,1,0,0,1,0,0,0,1,1,0
1,0.1720007389965294,0.9850968205129117,-0.9942696239589894,-0.10690142596078793,-0.21834399122906756,-0.9758718673546035,11,0,1,1,0,0,1,1,0,1,0,0,0,0,0,0,1,0,0,1,0,0,1,1,0,0,1,0,0,0,1,1,0
0,0.1720723768040239,0.9850843096613681,-0.9942696356512165,-0.10690131721357449,-0.2183443801304291,-0.9758717803407673,11,0,1,1,0,0,1,1,0,1,0,0,0,0,0,0,1,0,0,1,0,0,1,1,0,0,1,0,0,0,1,1,0
0,0.1721440137015142,0.985071793600209,-0.9942696436118748,-0.1069012431729187,-0.2183447170836239,-0.9758717049498219,11,0,1,1,0,0,1,1,0,1,0,0,0,0,0,0,1,0,0,1,0,0,1,1,0,0,1,0,0,0,1,1,0
1,0.17221564968862135,0.985059272329501,-0.994269651821298,-0.10690116681849095,-0.21834501826923003,-0.9758716375615235,11,0,1,1,0,0,1,1,0,1,0,0,0,0,0,0,1,0,0,1,0,0,1,1,0,0,1,0,0,0,1,1,0
0,0.17228728476496663,0.9850467458493101,-0.9942696597197528,-0.10690109335627483,-0.2183453282547702,-0.975871568204196,11,0,1,1,0,0,1,1,0,1,0,0,0,0,0,0,1,0,0,1,0,0,1,1,0,0,1,0,0,0,1,1,0
0,0.17235891893017113,0.9850342141597025,-0.9942696672450471,-0.10690102336471569,-0.21834561893716148,-0.9758715031657333,11,0,1,1,0,0,1,1,0,1,0,0,0,0,0,0,1,0,0,1,0,0,1,1,0,0,1,0,0,0,1,1,0
1,0.17243055218385603,0.9850216772607446,-0.9942696776311889,-0.1069009267647938,-0.21834582502642372,-0.975871457054427,11,0,1,1,0,0,1,1,0,1,0,0,0,0,0,0,1,0,0,1,0,0,1,1,0,0,1,0,0,0,1,1,0
0,0.1725021845256425,0.9850091351525027,-0.9942696939877884,-0.10690077463437597,-0.21834608192831378,-0.9758713995740187,11,0,1,1,0,0,1,1,0,1,0,0,0,0,0,0,1,0,0,1,0,0,1,1,0,0,1,0,0,0,1,1,0
1,0.17257381595515173,0.984996587835043,-0.994269704560483,-0.10690067629912264,-0.2183463430882302,-0.9758713411408273,11,0,1,1,0,0,1,1,0,1,0,0,0,0,0,0,1,0,0,1,0,0,1,1,0,0,1,0,0,0,1,1,0
0,0.1726454464720048,0.9849840353084318,-0.9942697126454783,-0.10690060110157554,-0.2183465443516772,-0.9758712961091135,11,0,1,1,0,0,1,1,0,1,0,0,0,0,0,0,1,0,0,1,0,0,1,1,0,0,1,0,0,0,1,1,0
0,0.17271707607582304,0.9849714775727358,-0.9942697264521492,-0.10690047268730173,-0.21834679614387514,-0.975871239771777,11,0,1,1,0,0,1,1,0,1,0,0,0,0,0,0,1,0,0,1,0,0,1,1,0,0,1,0,0,0,1,1,0
0,0.17278870476622754,0.9849589146280211,-0.9942697456073228,-0.1069002945269542,-0.21834704282640868,-0.975871184577638,11,0,1,1,0,0,1,1,0,1,0,0,0,0,0,0,1,0,0,1,0,0,1,1,0,0,1,0,0,0,1,1,0
1,0.1728603325428395,0.9849463464743544,-0.9942697649490403,-0.10690011463127692,-0.21834726140585684,-0.975871135671387,11,0,1,1,0,0,1,1,0,1,0,0,0,0,0,0,1,0,0,1,0,0,1,1,0,0,1,0,0,0,1,1,0
0,0.17293195940528017,0.984933773111802,-0.9942697793775673,-0.10689998043256851,-0.21834750979158035,-0.9758710800960421,11,0,1,1,0,0,1,1,0,1,0,0,0,0,0,0,1,0,0,1,0,0,1,1,0,0,1,0,0,0,1,1,0
0,0.17300358535317065,0.9849211945404304,-0.9942697938060762,-0.10689984623385902,-0.21834776953206528,-0.9758710219800423,11,0,1,1,0,0,1,1,0,1,0,0,0,0,0,0,1,0,0,1,0,0,1,1,0,0,1,0,0,0,1,1,0
0,0.17307521038613227,0.984908610760306,-0.994269810286894,-0.10689969294653712,-0.21834799549208106,-0.975870971422242,11,0,1,1,0,0,1,1,0,1,0,0,0,0,0,0,1,0,0,1,0,0,1,1,0,0,1,0,0,0,1,1,0
1,0.17314683450378618,0.9848960217714957,-0.9942698165060643,-0.10689963510226448,-0.21834827027761142,-0.9758709099398215,11,0,1,1,0,0,1,1,0,1,0,0,0,0,0,0,1,0,0,1,0,0,1,1,0,0,1,0,0,0,1,1,0
0,0.17321845770575356,0.9848834275740658,-0.994269829255353,-0.10689951652150362,-0.21834849197956058,-0.9758708603346304,11,0,1,1,0,0,1,1,0,1,0,0,0,0,0,0,1,0,0,1,0,0,1,1,0,0,1,0,0,0,1,1,0
1,0.1732900799916557,0.9848708281680829,-0.9942698413205205,-0.10689940430361132,-0.21834876137154335,-0.9758708000588566,11,0,1,1,0,0,1,1,0,1,0,0,0,0,0,0,1,0,0,1,0,0,1,1,0,0,1,0,0,0,1,1,0
1,0.17336170136111378,0.9848582235536139,-0.9942698549404624,-0.10689927762464911,-0.21834901855712932,-0.9758707425141602,11,0,1,1,0,0,1,1,0,1,0,0,0,0,0,0,1,0,0,1,0,0,1,1,0,0,1,0,0,0,1,1,0
0,0.17343332181374904,0.9848456137307251,-0.9942698698042162,-0.10689913937683018,-0.21834927545883215,-0.9758706850329111,11,0,1,1,0,0,1,1,0,1,0,0,0,0,0,0,1,0,0,1,0,0,1,1,0,0,1,0,0,0,1,1,0
0,0.17350494134918276,0.9848329986994834,-0.9942698831131678,-0.10689901559007814,-0.21834954683785,-0.9758706243123141,11,0,1,1,0,0,1,1,0,1,0,0,0,0,0,0,1,0,0,1,0,0,1,1,0,0,1,0,0,0,1,1,0
0,0.17357655996703608,0.9848203784599555,-0.9942698959245738,-0.10689889643086657,-0.21834986959718414,-0.9758705520953549,11,0,1,1,0,0,1,1,0,1,0,0,0,0,0,0,1,0,0,1,0,0,1,1,0,0,1,0,0,0,1,1,0
0,0.17364817766693033,0.984807753012208,-0.9942699022058891,-0.10689883800814619,-0.2183501188343672,-0.9758704963287996,11,0,1,1,0,0,1,1,0,1,0,0,0,0,0,0,1,0,0,1,0,0,1,1,0,0,1,0,0,0,1,1,0
1,0.17371979444848676,0.984795122356308,-0.9942699078652889,-0.10689878536985317,-0.21835035075551446,-0.975870444436629,11,0,1,1,0,0,1,1,0,1,0,0,0,0,0,0,1,0,0,1,0,0,1,1,0,0,1,0,0,0,1,1,0
0,0.17379141031132656,0.9847824864923219,-0.994269914644127,-0.106898722319589,-0.21835057387670423,-0.9758703945133872,11,0,1,1,0,0,1,1,0,1,0,0,0,0,0,0,1,0,0,1,0,0,1,1,0,0,1,0,0,0,1,1,0
1,0.17386302525507108,0.9847698454203168,-0.9942699090469216,-0.1068987743794396,-0.21835089777143862,-0.9758703220420256,11,0,1,1,0,0,1,1,0,1,0,0,0,0,0,0,1,0,0,1,0,0,1,1,0,0,1,0,0,0,1,1,0
1,0.17393463927934152,0.9847571991403593,-0.9942699099797894,-0.10689876570279712,-0.21835124210472848,-0.9758702449974188,11,0,1,1,0,0,1,1,0,1,0,0,0,0,0,0,1,0,0,1,0,0,1,1,0,0,1,0,0,0,1,1,0
0,0.17400625238375914,0.9847445476525166,-0.9942699171317729,-0.10689869918187703,-0.2183515966572794,-0.9758701656661181,11,0,1,1,0,0,1,1,0,1,0,0,0,0,0,0,1,0,0,1,0,0,1,1,0,0,1,0,0,0,1,1,0
0,0.17407786456794525,0.9847318909568554,-0.9942699308760072,-0.10689857134601871,-0.2183519523452779,-0.9758700860806245,11,0,1,1,0,0,1,1,0,1,0,0,0,0,0,0,1,0,0,1,0,0,1,1,0,0,1,0,0,0,1,1,0
1,0.17414947583152113,0.9847192290534427,-0.9942699508393225,-0.10689838566587995,-0.21835231882027215,-0.975870004081389,12,0,1,1,1,0,1,1,0,1,0,0,0,0,0,0,1,0,0,1,0,0,1,1,0,0,1,0,0,0,1,1,0
0,0.17422108617410803,0.9847065619423454,-0.9942699738499546,-0.10689817164203713,-0.21835267166952083,-0.9758699251307945,12,0,1,1,1,0,1,1,0,1,0,0,0,0,0,0,1,0,0,1,0,0,1,1,0,0,1,0,0,0,1,1,0
1,0.17429269559532728,0.9846938896236305,-0.9942699866612595,-0.10689805248281557,-0.21835297257070815,-0.9758698578035575,12,0,1,1,1,0,1,1,0,1,0,0,0,0,0,0,1,0,0,1,0,0,1,1,0,0,1,0,0,0,1,1,0
0,0.17436430409480014,0.984681212097365,-0.9942699914499477,-0.10689800794271669,-0.21835321300777363,-0.9758698040052176,12,0,1,1,1,0,1,1,0,1,0,0,0,0,0,0,1,0,0,1,0,0,1,1,0,0,1,0,0,0,1,1,0
0,0.17443591167214795,0.9846685293636162,-0.9942700004054107,-0.1068979246469483,-0.21835345316095772,-0.9758697502703347,12,0,1,1,1,0,1,1,0,1,0,0,0,0,0,0,1,0,0,1,0,0,1,1,0,0,1,0,0,0,1,1,0
0,0.17450751832699196,0.9846558414224508,-0.9942700068732409,-0.10689786448889242,-0.2183537424234626,-0.9758696855470346,12,0,1,1,1,0,1,1,0,1,0,0,0,0,0,0,1,0,0,1,0,0,1,1,0,0,1,0,0,0,1,1,0
0,0.1745791240589535,0.9846431482739361,-0.994270017383457,-0.10689776673205185,-0.2183540427568377,-0.9758696183465008,11,0,1,1,0,0,1,1,0,1,0,0,0,0,0,0,1,0,0,1,0,0,1,1,0,0,1,0,0,0,1,1,0
0,0.17465072886765393,0.9846304499181392,-0.9942700285777594,-0.106897662612339,-0.21835435160626115,-0.9758695492403733,11,0,1,1,0,0,1,1,0,1,0,0,0,0,0,0,1,0,0,1,0,0,1,1,0,0,1,0,0,0,1,1,0
1,0.1747223327527145,0.9846177463551272,-0.9942700390879557,-0.10689756485549631,-0.2183546227010955,-0.9758694885818812,11,0,1,1,0,0,1,1,0,1,0,0,0,0,0,0,1,0,0,1,0,0,1,1,0,0,1,0,0,0,1,1,0
0,0.17479393571375657,0.9846050375849674,-0.994270050406618,-0.10689745957889459,-0.21835488613145218,-0.9758694296382691,11,0,1,1,0,0,1,1,0,1,0,0,0,0,0,0,1,0,0,1,0,0,1,1,0,0,1,0,0,0,1,1,0
0,0.17486553775040145,0.984592323607727,-0.9942700572475622,-0.1068973959501794,-0.21835510243955614,-0.9758693812383965,11,0,1,1,0,0,1,1,0,1,0,0,0,0,0,0,1,0,0,1,0,0,1,1,0,0,1,0,0,0,1,1,0
0,0.17493713886227047,0.984579604423473,-0.994270054511185,-0.10689742140166517,-0.21835541072116682,-0.9758693122589677,11,0,1,1,0,0,1,1,0,1,0,0,0,0,0,0,1,0,0,1,0,0,1,1,0,0,1,0,0,0,1,1,0
